repo_path,source_group,source_path,source_sha256,repo_sha256,note
.gitignore,repo_hardening_generated,,,2c170fbde95900da5301fb86ae86b991ef1788a604cddfec435ac2b0589ab32a,generated_or_modified_during_public_repo_hardening
CITATION.cff,repo_hardening_generated,,,3e5f749b2744900cf260ba95ec8428b4bc755bb9ceb03764c9c4c064ce6b0557,generated_or_modified_during_public_repo_hardening
DATA_AVAILABILITY.md,repo_hardening_generated,,,aa809f073ed84e97117b45682ad8470cd6618d1d674a6f69a875e138839e4ac2,generated_or_modified_during_public_repo_hardening
GIT_INIT_COMMANDS.md,repo_hardening_generated,,,1ffdc5970021e25d26f96b111eb0865837717fe0f1888ea2a7060eff8d7c27ac,generated_or_modified_during_public_repo_hardening
LEGACY_NAMING.md,repo_hardening_generated,,,4ec8776c3805b86532460af2c03d502801f67017d40535603fecf1bdc5b12aeb,generated_or_modified_during_public_repo_hardening
LICENSE,codex_curated_bundle,LICENSE,d27c8147d6d389d1093ac04efaca4a627ce8292d65f19dee19065be30655365e,d27c8147d6d389d1093ac04efaca4a627ce8292d65f19dee19065be30655365e,exact_byte_copy
LICENSE_SCOPE.md,repo_hardening_generated,,,c393fc95dadfbe3914f5cbae7723217b1ff128e30ed4477ff66089b11ffb2337,generated_or_modified_during_public_repo_hardening
README.md,repo_hardening_generated,,,c3353ae93c47015664ffe9f9405ba2a7f084dfe8bdd83e6b3daa9bb9d22c5b57,generated_or_modified_during_public_repo_hardening
RELEASE_NOTES_v1.0.1.md,repo_release_generated,,,3fd1b2e6208c430f753a0c783e4b08d69723946f13a8bc4bd95b9e3622f6df68,generated_for_v1.0.1_release
REPRODUCIBILITY.md,repo_hardening_generated,,,33c5972cfdc8d06a6a387171450b80a3306f962f737a0572d67cba24fc0bf83b,generated_or_modified_during_public_repo_hardening
REPRODUCTION_MATRIX.csv,repo_hardening_generated,,,75192e7e893ed45b144d46ab33efeac485c41c02540c28f92bee3d579bffcac0,generated_or_modified_during_public_repo_hardening
VERSION.txt,v6.3.3_submission_candidate,VERSION.txt,e0fdfd53f59280ca0b6b379b755b9fb54fb787aa414521427a18ffc9f13c67c2,44e161e4495cac2cf7858043e9e6418e9579f0ddcfae826f9a372622968ce066,source_preserved_with_public_repo_hardening_modification
ZENODO_UPLOAD_MANIFEST.md,repo_hardening_generated,,,dcddcaed27e0112324e1644c18b576897fd89cc22ea453c5916cc8447c6e6425,generated_or_modified_during_public_repo_hardening
environment.yml,repo_hardening_generated,,,73a66513b91da7047c780677ed485746dc96224c97705228ff3e452f12055d2d,generated_or_modified_during_public_repo_hardening
figure_data/lha10d1_anisotropic_harmonic_2d.csv,v6.3.3_submission_candidate,figure_data/lha10d1_anisotropic_harmonic_2d.csv,b8bd94bae47381afbb74c1b3c8525f7a07fc7abc18f567ce2001a1dc1f3c722d,b8bd94bae47381afbb74c1b3c8525f7a07fc7abc18f567ce2001a1dc1f3c722d,exact_byte_copy
figure_data/lha10d2_negative_curvature_caustic.csv,v6.3.3_submission_candidate,figure_data/lha10d2_negative_curvature_caustic.csv,9dc188f47f2fd2e289ac7bb67702890aa6f27ac9ccfe88e73ef988f1b5a56a36,9dc188f47f2fd2e289ac7bb67702890aa6f27ac9ccfe88e73ef988f1b5a56a36,exact_byte_copy
figure_data/lha13a0_asymmetric_moire_geometry.npz,v6.3.3_submission_candidate,figure_data/lha13a0_asymmetric_moire_geometry.npz,e9fb2ccb8ea596d04f9eb304826d7f88a355bd8b5293fb7e2062702c8e15e81f,e9fb2ccb8ea596d04f9eb304826d7f88a355bd8b5293fb7e2062702c8e15e81f,exact_byte_copy
figure_data/lha13a0_stationary_points.csv,v6.3.3_submission_candidate,figure_data/lha13a0_stationary_points.csv,2551665793f25045a6d78b99242457cd5210cef87633a2038e1c7b7fbae88015,2551665793f25045a6d78b99242457cd5210cef87633a2038e1c7b7fbae88015,exact_byte_copy
figure_data/lha13a3_probability_weighted_offstationary_caustic.csv,v6.3.3_submission_candidate,figure_data/lha13a3_probability_weighted_offstationary_caustic.csv,fe9b9a995d60e388f8b5e93ecc67d2c631eb9041e9e3dbabfed96b17915c4e5a,fe9b9a995d60e388f8b5e93ecc67d2c631eb9041e9e3dbabfed96b17915c4e5a,exact_byte_copy
figure_data/lhap0b_final_publication_statistics.npz,v6.3.3_submission_candidate,figure_data/lhap0b_final_publication_statistics.npz,3de4ee68722f182fea885e967ed7c44c354cc8c0cc95df799fe569204859139e,3de4ee68722f182fea885e967ed7c44c354cc8c0cc95df799fe569204859139e,exact_byte_copy
figure_data/point6_l1_noise_floor_summary_variance_corrected.csv,v6.3.3_submission_candidate,validation/point6_l1_noise_floor_summary_variance_corrected.csv,01cf81aa142ed92607dda76e3468a89b0ae840882558645e1d61bf72577a768a,01cf81aa142ed92607dda76e3468a89b0ae840882558645e1d61bf72577a768a,exact_byte_copy
figure_data/point7_exact_bz_anchors.csv,v6.3.3_submission_candidate,figure_data/point7_exact_bz_anchors.csv,22f4f30019c321424344d9a448e26d3b49a6562f40cb31dc8f44380198cc24ec,22f4f30019c321424344d9a448e26d3b49a6562f40cb31dc8f44380198cc24ec,exact_byte_copy
figure_data/triangular_classical_baseline.csv,v6.3.3_submission_candidate,validation/triangular_classical_baseline.csv,ba23501071ffd7753db36a3fa54785be81aa23c26c95410666263c6f1dd8ab2e,ba23501071ffd7753db36a3fa54785be81aa23c26c95410666263c6f1dd8ab2e,exact_byte_copy
figure_scripts/make_fig4_point6_v63.py,v6.3.3_submission_candidate,figure_scripts/make_fig4_point6_v63.py,6dd7c9f50d7aeee6f55135f5b2976ddc674bc2dfe15f6137c54d333bb36948d6,6dd7c9f50d7aeee6f55135f5b2976ddc674bc2dfe15f6137c54d333bb36948d6,exact_byte_copy
figure_scripts/p2c_make_figure2_before_caustic_v63.py,v6.3.3_submission_candidate,figure_scripts/p2c_make_figure2_before_caustic_v63.py,814c6dfd6007239239bae84093d97ac8c90608c309b1bc3832c19a5c99d58a51,814c6dfd6007239239bae84093d97ac8c90608c309b1bc3832c19a5c99d58a51,exact_byte_copy
figure_scripts/p2d_make_figure3_offstationary_caustic_v63.py,v6.3.3_submission_candidate,figure_scripts/p2d_make_figure3_offstationary_caustic_v63.py,f2221632f50c3a218c1a3510c66ed09cda2347e69dcac2d7bdf5f830ce484f4b,f2221632f50c3a218c1a3510c66ed09cda2347e69dcac2d7bdf5f830ce484f4b,exact_byte_copy
figure_scripts/p2f_make_figure1_tensorial_theory_massweighted_v63.py,v6.3.3_submission_candidate,figure_scripts/p2f_make_figure1_tensorial_theory_massweighted_v63.py,cf77bd824175fcc447af52d64bbf7eae898b5bd038c5d58acbd3e4cc3b812366,cf77bd824175fcc447af52d64bbf7eae898b5bd038c5d58acbd3e4cc3b812366,exact_byte_copy
figure_scripts/p2f_make_figure6_interacting_caustic_v63.py,repo_hardening_generated,,,923e16c3906a590385f139730cb2b7588f91bf333f0ca4555ff6ee32aba42657,portability_hardening_reads_repo_secVIII_aggregate
figures/Fig1_key_data.csv,v6.3.3_submission_candidate,figures/Fig1_key_data.csv,8eeb6ad18115d2f4a56072c4dfc9c9fbafce0adedb6709c4ab7c4b8dd4cb29d0,8eeb6ad18115d2f4a56072c4dfc9c9fbafce0adedb6709c4ab7c4b8dd4cb29d0,exact_byte_copy
figures/Fig1_tensorial_SPLH_caustic.pdf,v6.3.3_submission_candidate,figures/Fig1_tensorial_SPLH_caustic.pdf,1e83fc896ec960511d00b22f3d399d32991beb63b06f542039d7a2c9ca8f10b4,1e83fc896ec960511d00b22f3d399d32991beb63b06f542039d7a2c9ca8f10b4,exact_byte_copy
figures/Fig1_tensorial_SPLH_caustic.png,v6.3.3_submission_candidate,figures/Fig1_tensorial_SPLH_caustic.png,0718ea736c9828c964bc2b51deae516be21824b8e2195bffc866a775e8f93294,0718ea736c9828c964bc2b51deae516be21824b8e2195bffc866a775e8f93294,exact_byte_copy
figures/Fig2_before_caustic.pdf,v6.3.3_submission_candidate,figures/Fig2_before_caustic.pdf,f2441dad36093a61e798aca5a804f6e97bd01661ce236ccbd7c86dfdef327c4d,f2441dad36093a61e798aca5a804f6e97bd01661ce236ccbd7c86dfdef327c4d,exact_byte_copy
figures/Fig2_before_caustic.png,v6.3.3_submission_candidate,figures/Fig2_before_caustic.png,c3a6a7fbf47896aac1271ad025aac96f36d3213eaaa120cbf5919a843df7d601,c3a6a7fbf47896aac1271ad025aac96f36d3213eaaa120cbf5919a843df7d601,exact_byte_copy
figures/Fig2_plot_data_v63.csv,v6.3.3_submission_candidate,figures/Fig2_plot_data_v63.csv,2659974b8d12ddb2cc9794a6a88f2f18cc3d3dc9f1588d240f98819964d12815,2659974b8d12ddb2cc9794a6a88f2f18cc3d3dc9f1588d240f98819964d12815,exact_byte_copy
figures/Fig3_key_data.csv,v6.3.3_submission_candidate,figures/Fig3_key_data.csv,0cbca530a2dd3f0c38765c65efebab7ae804970a747bc7411daeaa49f4675ce4,0cbca530a2dd3f0c38765c65efebab7ae804970a747bc7411daeaa49f4675ce4,exact_byte_copy
figures/Fig3_offstationary_caustic.pdf,v6.3.3_submission_candidate,figures/Fig3_offstationary_caustic.pdf,d60765963392fbd87c4a448cae545341be5cf99e2e3b5202f2fd4ec1eae5e359,d60765963392fbd87c4a448cae545341be5cf99e2e3b5202f2fd4ec1eae5e359,exact_byte_copy
figures/Fig3_offstationary_caustic.png,v6.3.3_submission_candidate,figures/Fig3_offstationary_caustic.png,fb922ad95d3c33dc6b6aee480effdae7dd590105013779b86c61612f700e7551,fb922ad95d3c33dc6b6aee480effdae7dd590105013779b86c61612f700e7551,exact_byte_copy
figures/Fig4_exact_pimc_SPLH_FINAL.pdf,v6.3.3_submission_candidate,figures/Fig4_exact_pimc_SPLH_FINAL.pdf,e84d611afb491db59b8437485dcffd73938cf10423b7e9c0155e1d4286d62fbe,e84d611afb491db59b8437485dcffd73938cf10423b7e9c0155e1d4286d62fbe,exact_byte_copy
figures/Fig4_exact_pimc_SPLH_FINAL.png,v6.3.3_submission_candidate,figures/Fig4_exact_pimc_SPLH_FINAL.png,f1f795a82d2c275f326b0282594c2c0c366a5793680c67d8738c018f61a16009,f1f795a82d2c275f326b0282594c2c0c366a5793680c67d8738c018f61a16009,exact_byte_copy
figures/Fig5_mode_attribution.pdf,v6.3.3_submission_candidate,figures/Fig5_mode_attribution.pdf,b8b5bcabe3635cc91b37c38d29563ae0b924fa25b5e314d516b720a9eee71594,b8b5bcabe3635cc91b37c38d29563ae0b924fa25b5e314d516b720a9eee71594,exact_byte_copy
figures/Fig6_interacting_gaussian.pdf,v6.3.3_submission_candidate,figures/Fig6_interacting_gaussian.pdf,b4c48c5b82002ad260a65020e3c1368c9be02b5e7795600d8563f1db1e44328d,b4c48c5b82002ad260a65020e3c1368c9be02b5e7795600d8563f1db1e44328d,exact_byte_copy
figures/Fig6_interacting_gaussian.png,v6.3.3_submission_candidate,figures/Fig6_interacting_gaussian.png,2c7e7640e24d12c1e086e4168f94e34edbb329b9f28251b24b7866889524f7ee,2c7e7640e24d12c1e086e4168f94e34edbb329b9f28251b24b7866889524f7ee,exact_byte_copy
figures/FigS1_P256_stationarity.pdf,v6.3.3_submission_candidate,figures/FigS1_P256_stationarity.pdf,3b952492a97f908971bfe257e1a64cc215399d9ae5992240bf60d6adae316f7e,3b952492a97f908971bfe257e1a64cc215399d9ae5992240bf60d6adae316f7e,exact_byte_copy
figures/FigS1_P256_stationarity.png,v6.3.3_submission_candidate,figures/FigS1_P256_stationarity.png,b47873deeea7b248706ff269ad792ffcb4591f398f288b3a76da392c28e5cc14,b47873deeea7b248706ff269ad792ffcb4591f398f288b3a76da392c28e5cc14,exact_byte_copy
numerics/tmd_pimc/__init__.py,codex_curated_bundle,numerics/tmd_pimc/__init__.py,0f5466940e6734becbbfb4e1f8f880ca6485209c83ef0ee56671de393789de9e,0f5466940e6734becbbfb4e1f8f880ca6485209c83ef0ee56671de393789de9e,exact_byte_copy
numerics/tmd_pimc/action.py,codex_curated_bundle,numerics/tmd_pimc/action.py,cb41169ca601690fc12703003118b883988f346235723cb558fa21aff5ac3ae9,cb41169ca601690fc12703003118b883988f346235723cb558fa21aff5ac3ae9,exact_byte_copy
numerics/tmd_pimc/analytic.py,codex_curated_bundle,numerics/tmd_pimc/analytic.py,b502d4fde3ea900308515c7ff88186b79a7ce7b7ca9db7fefc2b533dc900ceed,b502d4fde3ea900308515c7ff88186b79a7ce7b7ca9db7fefc2b533dc900ceed,exact_byte_copy
numerics/tmd_pimc/bilayer_keldysh_potential.py,codex_curated_bundle,numerics/tmd_pimc/bilayer_keldysh_potential.py,2398db59229af973a1329dfcbed2fa1f594be062a376ec8fc51fb94445ea55c4,2398db59229af973a1329dfcbed2fa1f594be062a376ec8fc51fb94445ea55c4,exact_byte_copy
numerics/tmd_pimc/constants.py,codex_curated_bundle,numerics/tmd_pimc/constants.py,2605841057e6c03868505af4e157422992bec0e5d94b9190108f142de8aa419b,2605841057e6c03868505af4e157422992bec0e5d94b9190108f142de8aa419b,exact_byte_copy
numerics/tmd_pimc/contact.py,codex_curated_bundle,numerics/tmd_pimc/contact.py,8dfb14b9f579731cc5e9b59da8568ab8dc842c1f81e0ef5a6339af3d182d02c1,8dfb14b9f579731cc5e9b59da8568ab8dc842c1f81e0ef5a6339af3d182d02c1,exact_byte_copy
numerics/tmd_pimc/energy_estimators.py,codex_curated_bundle,numerics/tmd_pimc/energy_estimators.py,951d90c5c6136a71173119527a5b2b23ba976c62f245d9a85607ebe03c13abcb,951d90c5c6136a71173119527a5b2b23ba976c62f245d9a85607ebe03c13abcb,exact_byte_copy
numerics/tmd_pimc/interlayer_screened_potential.py,codex_curated_bundle,numerics/tmd_pimc/interlayer_screened_potential.py,11f043e7b3644a19a5ad3a91ac53f168d47b0ca337b861cf1f768e4c3f875372,11f043e7b3644a19a5ad3a91ac53f168d47b0ca337b861cf1f768e4c3f875372,exact_byte_copy
numerics/tmd_pimc/kernels_jit.py,codex_curated_bundle,numerics/tmd_pimc/kernels_jit.py,631e233413cf8085d8b880de5b1aa81fc8234069aa5865220c447d6c554cb0db,631e233413cf8085d8b880de5b1aa81fc8234069aa5865220c447d6c554cb0db,exact_byte_copy
numerics/tmd_pimc/kernels_staging_jit.py,codex_curated_bundle,numerics/tmd_pimc/kernels_staging_jit.py,866d8b389f2ae9da9ff54b94a07cea086fa0be5528c4b6bc63519a7a3ff5d5e4,866d8b389f2ae9da9ff54b94a07cea086fa0be5528c4b6bc63519a7a3ff5d5e4,exact_byte_copy
numerics/tmd_pimc/landscape_config.py,codex_curated_bundle,numerics/tmd_pimc/landscape_config.py,ef216fc0d14eb8158bb9bf6d87c6a39069a21d2c11645993c2143770e8bf3201,ef216fc0d14eb8158bb9bf6d87c6a39069a21d2c11645993c2143770e8bf3201,exact_byte_copy
numerics/tmd_pimc/normal_modes.py,codex_curated_bundle,numerics/tmd_pimc/normal_modes.py,38a8ffe88143bbc8fee6bee300e86c38c4d2199c5ea542b0c2d7e6402f5cc046,38a8ffe88143bbc8fee6bee300e86c38c4d2199c5ea542b0c2d7e6402f5cc046,exact_byte_copy
numerics/tmd_pimc/observables.py,codex_curated_bundle,numerics/tmd_pimc/observables.py,e60a30fd702eb15217b01d4788b2521738c88fd53f20e7ab5ffe23e1c697c04b,e60a30fd702eb15217b01d4788b2521738c88fd53f20e7ab5ffe23e1c697c04b,exact_byte_copy
numerics/tmd_pimc/pair_observables.py,codex_curated_bundle,numerics/tmd_pimc/pair_observables.py,5bee70b02a82ba3d0e44d896595fe0e13a685a2e9ef7090fe55e9cc1ca90b7c9,5bee70b02a82ba3d0e44d896595fe0e13a685a2e9ef7090fe55e9cc1ca90b7c9,exact_byte_copy
numerics/tmd_pimc/potential_helpers.py,codex_curated_bundle,numerics/tmd_pimc/potential_helpers.py,de2ac580336110a3159c9e1cd163e417350f71ee80c6fb0f50f07d99eff7e897,de2ac580336110a3159c9e1cd163e417350f71ee80c6fb0f50f07d99eff7e897,exact_byte_copy
numerics/tmd_pimc/potentials.py,codex_curated_bundle,numerics/tmd_pimc/potentials.py,4a201db521a64b00e8b6c3bf6fe27354210959bb6fc951d69c353c58bb365fd5,4a201db521a64b00e8b6c3bf6fe27354210959bb6fc951d69c353c58bb365fd5,exact_byte_copy
numerics/tmd_pimc/radial_solver.py,codex_curated_bundle,numerics/tmd_pimc/radial_solver.py,0588b5d92167a9598b4954f09df8dc59d3dd8284fb91b7f9eec105ac779c959b,0588b5d92167a9598b4954f09df8dc59d3dd8284fb91b7f9eec105ac779c959b,exact_byte_copy
numerics/tmd_pimc/reporting.py,codex_curated_bundle,numerics/tmd_pimc/reporting.py,110ad3d06a7a3020d26fe41021ca43d50694d1771306e9840eef35ff75afe8d9,110ad3d06a7a3020d26fe41021ca43d50694d1771306e9840eef35ff75afe8d9,exact_byte_copy
numerics/tmd_pimc/rk_potential.py,codex_curated_bundle,numerics/tmd_pimc/rk_potential.py,3351b264d402d722b1884d9972b34a75683ecb272be3ba3c2c8983fd72091024,3351b264d402d722b1884d9972b34a75683ecb272be3ba3c2c8983fd72091024,exact_byte_copy
numerics/tmd_pimc/sampler.py,codex_curated_bundle,numerics/tmd_pimc/sampler.py,307faabb5bfaf649c731a4eaebb748549ed8894be56152f6b11c2efd7a000e71,307faabb5bfaf649c731a4eaebb748549ed8894be56152f6b11c2efd7a000e71,exact_byte_copy
numerics/tmd_pimc/sampler_staging_periodic_jit.py,codex_curated_bundle,numerics/tmd_pimc/sampler_staging_periodic_jit.py,415c7c36b18bf2e95b3276124eb7cd68f325c78ee0b4a1c4f4d65da8dc7f31cd,415c7c36b18bf2e95b3276124eb7cd68f325c78ee0b4a1c4f4d65da8dc7f31cd,exact_byte_copy
numerics/tmd_pimc/staging.py,codex_curated_bundle,numerics/tmd_pimc/staging.py,5b37d59ba2adadfc629208a3464e0f74af96aaaeed77149993a2c541869d3147,5b37d59ba2adadfc629208a3464e0f74af96aaaeed77149993a2c541869d3147,exact_byte_copy
numerics/tmd_pimc/statistics.py,codex_curated_bundle,numerics/tmd_pimc/statistics.py,b7e7e1a867b06660fe63c53b017290a34549f91dc6415f7125bdf11253f3db66,b7e7e1a867b06660fe63c53b017290a34549f91dc6415f7125bdf11253f3db66,exact_byte_copy
numerics/tmd_pimc/threshold_estimators.py,codex_curated_bundle,numerics/tmd_pimc/threshold_estimators.py,9a61bc83644d91a94ccaa1b21fc4b579e7d93515846c9eb195cbdd1381ff3a64,9a61bc83644d91a94ccaa1b21fc4b579e7d93515846c9eb195cbdd1381ff3a64,exact_byte_copy
numerics/tmd_pimc/two_body_action.py,codex_curated_bundle,numerics/tmd_pimc/two_body_action.py,ff4e684d39d915fed3a73cd5ec7c96f3cddf13c5858cab8885463dbe548e2f65,ff4e684d39d915fed3a73cd5ec7c96f3cddf13c5858cab8885463dbe548e2f65,exact_byte_copy
numerics/tmd_pimc/two_body_kernels_jit.py,codex_curated_bundle,numerics/tmd_pimc/two_body_kernels_jit.py,815f9680b80e7306bff940f5a3639d5c702d68e92a82b2f8fc01483914eb4847,815f9680b80e7306bff940f5a3639d5c702d68e92a82b2f8fc01483914eb4847,exact_byte_copy
numerics/tmd_pimc/two_body_kernels_periodic_jit.py,codex_curated_bundle,numerics/tmd_pimc/two_body_kernels_periodic_jit.py,8ae1a699ff6085392e828c1f42b4a0d12a28de0f81fa1e9a27b39d35ea0a87a5,8ae1a699ff6085392e828c1f42b4a0d12a28de0f81fa1e9a27b39d35ea0a87a5,exact_byte_copy
numerics/tmd_pimc/two_body_sampler.py,codex_curated_bundle,numerics/tmd_pimc/two_body_sampler.py,e058581d9bce962be383b701c1ce3fa3ac989e491ad5266be2c42d46df0f1aa7,e058581d9bce962be383b701c1ce3fa3ac989e491ad5266be2c42d46df0f1aa7,exact_byte_copy
numerics/tmd_pimc/two_body_sampler_jit.py,codex_curated_bundle,numerics/tmd_pimc/two_body_sampler_jit.py,2fed3a93b4138c586fbf9933845a15247f1743cefc97d9e1ee9cf8107af24112,2fed3a93b4138c586fbf9933845a15247f1743cefc97d9e1ee9cf8107af24112,exact_byte_copy
numerics/tmd_pimc/two_body_sampler_periodic_jit.py,codex_curated_bundle,numerics/tmd_pimc/two_body_sampler_periodic_jit.py,34b33ae11fefe2c25ec9e6dd438fd9b6d7c18ad8c3c16510b71ce94faed82d2c,34b33ae11fefe2c25ec9e6dd438fd9b6d7c18ad8c3c16510b71ce94faed82d2c,exact_byte_copy
numerics/tmd_pimc/validation.py,codex_curated_bundle,numerics/tmd_pimc/validation.py,af4106d57ec1eb200abb8b46b311c9ff1e9ed52427b5e3962727c0c7a72f7c87,af4106d57ec1eb200abb8b46b311c9ff1e9ed52427b5e3962727c0c7a72f7c87,exact_byte_copy
paper2_P256_long_stationarity_spotcheck/P256_LONG_STATIONARITY_SPOTCHECK.md,repo_hardening_generated,,,b61c3d708fdbad231fdf6081e5d83107950a348b46da6774ccfd4e3573bd3793,generated_or_modified_during_public_repo_hardening
paper2_P256_long_stationarity_spotcheck/P256_long_chain_aggregate.csv,codex_curated_bundle,paper2_P256_long_stationarity_spotcheck/P256_long_chain_aggregate.csv,fe8012df9b9123f3e2206c096106e986fb5aa991e737c67d8cd02043407b222b,fe8012df9b9123f3e2206c096106e986fb5aa991e737c67d8cd02043407b222b,exact_byte_copy
paper2_P256_long_stationarity_spotcheck/P256_long_chain_blocks.csv,codex_curated_bundle,paper2_P256_long_stationarity_spotcheck/P256_long_chain_blocks.csv,4a53fd41122144034d55d819a417f08e1d57bf016c90064624aad9ecd48b95d7,4a53fd41122144034d55d819a417f08e1d57bf016c90064624aad9ecd48b95d7,exact_byte_copy
paper2_P256_long_stationarity_spotcheck/P256_long_chain_summary.csv,codex_curated_bundle,paper2_P256_long_stationarity_spotcheck/P256_long_chain_summary.csv,69ce288a3f8f38115aa976f196b8dfd47b97c167ec06a6bdda0207cfbf4ef785,69ce288a3f8f38115aa976f196b8dfd47b97c167ec06a6bdda0207cfbf4ef785,exact_byte_copy
paper2_P256_long_stationarity_spotcheck/P256_stationarity_diagnostics.pdf,codex_curated_bundle,paper2_P256_long_stationarity_spotcheck/P256_stationarity_diagnostics.pdf,7e72e9c97a068af91dd6ccc69c07b91344158d1a6e7cab35717cb7a89114f51c,7e72e9c97a068af91dd6ccc69c07b91344158d1a6e7cab35717cb7a89114f51c,exact_byte_copy
paper2_P256_long_stationarity_spotcheck/P256_stationarity_diagnostics.png,codex_curated_bundle,paper2_P256_long_stationarity_spotcheck/P256_stationarity_diagnostics.png,b47873deeea7b248706ff269ad792ffcb4591f398f288b3a76da392c28e5cc14,b47873deeea7b248706ff269ad792ffcb4591f398f288b3a76da392c28e5cc14,exact_byte_copy
paper2_P256_long_stationarity_spotcheck/RUN_COMMAND.txt,repo_hardening_generated,,,0710b8a762a9f80eafe8fc55a7391d941006f1f99da2d722ee9c0330eabe75f2,generated_or_modified_during_public_repo_hardening
paper2_P256_long_stationarity_spotcheck/run_P256_long_stationarity.py,codex_curated_bundle,paper2_P256_long_stationarity_spotcheck/run_P256_long_stationarity.py,4f2fb2f4cc284dee94e1fcdb4cf708bf4ad2a2936d4539c879b68301ef0c1075,4f2fb2f4cc284dee94e1fcdb4cf708bf4ad2a2936d4539c879b68301ef0c1075,exact_byte_copy
paper2_P256_long_stationarity_spotcheck/source_provenance.json,repo_hardening_generated,,,ee2f5d2377e7d42fcaac2b3ca29575747a6c6c508aac4da2a931e50c75e89cc8,provenance_path_sanitization_only_or_regenerated_metadata
paper2_reviewer_hardening_audit/counterfactual_stability.csv,codex_curated_bundle,paper2_reviewer_hardening_audit/counterfactual_stability.csv,3ddbeb1eb44324e97ede4871b46c49561d4671c9e0d883073ec2a297e1609e65,3ddbeb1eb44324e97ede4871b46c49561d4671c9e0d883073ec2a297e1609e65,exact_byte_copy
paper2_reviewer_hardening_audit/hessian_asymmetric_stationary_points.csv,codex_curated_bundle,paper2_reviewer_hardening_audit/hessian_asymmetric_stationary_points.csv,f8f5f7f22755778bd6227f6259bbbe694ec85524e3c405c4e8f8115cc736c93a,f8f5f7f22755778bd6227f6259bbbe694ec85524e3c405c4e8f8115cc736c93a,exact_byte_copy
paper2_reviewer_hardening_audit/hessian_benchmark_audit.json,codex_curated_bundle,paper2_reviewer_hardening_audit/hessian_benchmark_audit.json,9cbd2fe240e99cb0738abde51228a2b141c7f59bd89af2e66355d67802cf98cc,9cbd2fe240e99cb0738abde51228a2b141c7f59bd89af2e66355d67802cf98cc,exact_byte_copy
paper2_reviewer_hardening_audit/hessian_global_minima.csv,codex_curated_bundle,paper2_reviewer_hardening_audit/hessian_global_minima.csv,c091612ac32fb32ee75676eedf59f5b305f563546023cab7606f48cbb0c0fdb9,c091612ac32fb32ee75676eedf59f5b305f563546023cab7606f48cbb0c0fdb9,exact_byte_copy
paper2_reviewer_hardening_audit/hessian_scan_convergence.csv,codex_curated_bundle,paper2_reviewer_hardening_audit/hessian_scan_convergence.csv,538a72288af0d920f9452fa3f9b23815722ebc1d29c74d8b7258591162053d1b,538a72288af0d920f9452fa3f9b23815722ebc1d29c74d8b7258591162053d1b,exact_byte_copy
paper2_reviewer_hardening_audit/hessian_triangular_stationary_points.csv,codex_curated_bundle,paper2_reviewer_hardening_audit/hessian_triangular_stationary_points.csv,2ced1227785273e3bfc32c8099be7cc49b49b9fb2ea314b992ef1690ff779058,2ced1227785273e3bfc32c8099be7cc49b49b9fb2ea314b992ef1690ff779058,exact_byte_copy
paper2_reviewer_hardening_audit/make_mode_attribution_figure.py,codex_curated_bundle,paper2_reviewer_hardening_audit/make_mode_attribution_figure.py,059771693bea7c57c414936db94264d65a3ef10af868b4229e2ed13ca95ae51a,059771693bea7c57c414936db94264d65a3ef10af868b4229e2ed13ca95ae51a,exact_byte_copy
paper2_reviewer_hardening_audit/mode_attribution_P256.csv,codex_curated_bundle,paper2_reviewer_hardening_audit/mode_attribution_P256.csv,3b2853010f02fd08c0e7434c3f9b2f3fa8a3e3d34a2b684d42ea7fe4f57bc34f,3b2853010f02fd08c0e7434c3f9b2f3fa8a3e3d34a2b684d42ea7fe4f57bc34f,exact_byte_copy
paper2_reviewer_hardening_audit/mode_attribution_distributions_P256.csv,codex_curated_bundle,paper2_reviewer_hardening_audit/mode_attribution_distributions_P256.csv,15ff0b23c47f654510ae8deabaee7eb3d3bc2bd7c49f9b100d3b44e9a0808942,15ff0b23c47f654510ae8deabaee7eb3d3bc2bd7c49f9b100d3b44e9a0808942,exact_byte_copy
paper2_reviewer_hardening_audit/reproduction_aggregate.csv,codex_curated_bundle,paper2_reviewer_hardening_audit/reproduction_aggregate.csv,fce9e0030d89c5dad55ff5b9400ee6b61e512b00f2c9e7727cb62c5bb9bb39c6,fce9e0030d89c5dad55ff5b9400ee6b61e512b00f2c9e7727cb62c5bb9bb39c6,exact_byte_copy
paper2_reviewer_hardening_audit/reproduction_per_chain.csv,repo_hardening_generated,,,e03eed92a29005c915204212598705cc1116fd940c36fbe0a2d5444ac4c7bca1,provenance_path_sanitization_only_or_regenerated_metadata
paper2_reviewer_hardening_audit/run_hessian_benchmark_audit.py,codex_curated_bundle,paper2_reviewer_hardening_audit/run_hessian_benchmark_audit.py,4050cd3a302670a84bfd7e85c548eb9924d6b56e5ca140b741d45e5ca3aa6202,4050cd3a302670a84bfd7e85c548eb9924d6b56e5ca140b741d45e5ca3aa6202,exact_byte_copy
paper2_reviewer_hardening_audit/run_secVIII_attribution.py,codex_curated_bundle,paper2_reviewer_hardening_audit/run_secVIII_attribution.py,f62ef3fca530b373cec05e458dad1b04e4a431b181028f3f9eee5f25ae4ef1e3,f62ef3fca530b373cec05e458dad1b04e4a431b181028f3f9eee5f25ae4ef1e3,exact_byte_copy
paper2_reviewer_hardening_audit/run_tableIII_baseline.py,codex_curated_bundle,paper2_reviewer_hardening_audit/run_tableIII_baseline.py,8df1c067f43954bdeda584df8cc954f3c2d66c09f04d165553d077b0145ee54b,8df1c067f43954bdeda584df8cc954f3c2d66c09f04d165553d077b0145ee54b,exact_byte_copy
paper2_reviewer_hardening_audit/tableIII_raw_baseline.csv,codex_curated_bundle,paper2_reviewer_hardening_audit/tableIII_raw_baseline.csv,87efd09b197cd0fe546c3ee2f4acff93220f35efad19ea06cdf72f9e843836ac,87efd09b197cd0fe546c3ee2f4acff93220f35efad19ea06cdf72f9e843836ac,exact_byte_copy
paper2_reviewer_hardening_audit/tb04a_blk_curvature/tb04a_blk_radial_curvature.csv,codex_curated_bundle,validation_tests/tb04a_blk_radial_curvature.csv,8e4a11021a1a75822dfcac2b234ae3d8d19c4574f8e28a1910a057035c96e2ca,8e4a11021a1a75822dfcac2b234ae3d8d19c4574f8e28a1910a057035c96e2ca,exact_byte_copy
paper2_reviewer_hardening_audit/tb04a_blk_curvature/tb04a_blk_radial_curvature_summary.md,codex_curated_bundle,tb04a_blk_radial_curvature_summary.md,faf6f5af9e820b1f94cea969e98e6cd44c23a84b534441598beae8ab36eb59c9,faf6f5af9e820b1f94cea969e98e6cd44c23a84b534441598beae8ab36eb59c9,exact_byte_copy
paper2_secVII_energy_longcheck/RUN_COMMAND.txt,point5_full_archive,RUN_COMMAND.txt,a86dca5514f880d2319bb8aa6031f8a87dfe01dc2c4839dd7caaecd0c41b26d7,a86dca5514f880d2319bb8aa6031f8a87dfe01dc2c4839dd7caaecd0c41b26d7,exact_byte_copy
paper2_secVII_energy_longcheck/analyze_secVII_energy_longcheck.py,point5_full_archive,analyze_secVII_energy_longcheck.py,03b04c01b6e4f4f98fb268bb0b9e8c0a3e2b35adf7915124426dfc2215b7421b,03b04c01b6e4f4f98fb268bb0b9e8c0a3e2b35adf7915124426dfc2215b7421b,exact_byte_copy
paper2_secVII_energy_longcheck/provenance/secVII_energy_longcheck_campaign_original.log,point5_full_archive,results/secVII_energy_longcheck_campaign.log,d32614753dc18ce8536ab052de62a3f6264898aa83e23be84f26289e499b810d,d32614753dc18ce8536ab052de62a3f6264898aa83e23be84f26289e499b810d,exact_byte_copy
paper2_secVII_energy_longcheck/results/campaign_completion.json,point5_full_archive,results/campaign_completion.json,cec3e3303e3430cd15c48f7371db544dea8572bbff1853129549bcb092553e85,cec3e3303e3430cd15c48f7371db544dea8572bbff1853129549bcb092553e85,exact_byte_copy
paper2_secVII_energy_longcheck/results/secVII_energy_longcheck_analysis.json,point5_full_archive,results/secVII_energy_longcheck_analysis.json,f819d8fd580aa1dcf5e609f7f13d2256224b6cb0b14e82e7cd662b10542c522d,f819d8fd580aa1dcf5e609f7f13d2256224b6cb0b14e82e7cd662b10542c522d,exact_byte_copy
paper2_secVII_energy_longcheck/results/secVII_energy_longcheck_analysis.log,point5_full_archive,results/secVII_energy_longcheck_analysis.log,f819d8fd580aa1dcf5e609f7f13d2256224b6cb0b14e82e7cd662b10542c522d,f819d8fd580aa1dcf5e609f7f13d2256224b6cb0b14e82e7cd662b10542c522d,exact_byte_copy
paper2_secVII_energy_longcheck/results/secVII_energy_longcheck_blocks.csv,point5_full_archive,results/secVII_energy_longcheck_blocks.csv,fd511b29469975821175f4bf32a18d9ddb5fe683a983d52d64361653f71e75b7,fd511b29469975821175f4bf32a18d9ddb5fe683a983d52d64361653f71e75b7,exact_byte_copy
paper2_secVII_energy_longcheck/results/secVII_energy_longcheck_burnin_sensitivity.csv,point5_full_archive,results/secVII_energy_longcheck_burnin_sensitivity.csv,93955d468a436cc12db17475aba0bec6b133f58d0f13e41721836b8cf6a50fd0,93955d468a436cc12db17475aba0bec6b133f58d0f13e41721836b8cf6a50fd0,exact_byte_copy
paper2_secVII_energy_longcheck/results/secVII_energy_longcheck_per_chain.csv,point5_full_archive,results/secVII_energy_longcheck_per_chain.csv,3029134730c7dd5d7f7454c14da2dce1f7a6310e7f10e2ca6074b4c97b063b69,3029134730c7dd5d7f7454c14da2dce1f7a6310e7f10e2ca6074b4c97b063b69,exact_byte_copy
paper2_secVII_energy_longcheck/results/secVII_energy_longcheck_seed_132001.json,point5_full_archive,results/secVII_energy_longcheck_seed_132001.json,fdadbaa6dba941800b3b32013648dc3a93945f746e8f8ad07bb955c1efa8a3c2,fdadbaa6dba941800b3b32013648dc3a93945f746e8f8ad07bb955c1efa8a3c2,exact_byte_copy
paper2_secVII_energy_longcheck/results/secVII_energy_longcheck_seed_132001.log,point5_full_archive,results/secVII_energy_longcheck_seed_132001.log,0ee13e3b6f3d7cfb8c850a2efaa93cd33a7e848957f639c2e7855f60440685a9,0ee13e3b6f3d7cfb8c850a2efaa93cd33a7e848957f639c2e7855f60440685a9,exact_byte_copy
paper2_secVII_energy_longcheck/results/secVII_energy_longcheck_seed_132001.npz,point5_full_archive,results/secVII_energy_longcheck_seed_132001.npz,8055d74a13828deff05dfc55e75f304504f4ac9a70ac3ed4baaf846d04eb885c,8055d74a13828deff05dfc55e75f304504f4ac9a70ac3ed4baaf846d04eb885c,exact_byte_copy
paper2_secVII_energy_longcheck/results/secVII_energy_longcheck_seed_132002.json,point5_full_archive,results/secVII_energy_longcheck_seed_132002.json,fd696a7d4f76765151a6c485ba6ced2a8054b44a434e040a55b190245907813c,fd696a7d4f76765151a6c485ba6ced2a8054b44a434e040a55b190245907813c,exact_byte_copy
paper2_secVII_energy_longcheck/results/secVII_energy_longcheck_seed_132002.log,point5_full_archive,results/secVII_energy_longcheck_seed_132002.log,1c621fd3cdad1240a9d7f94a0cbf89846d163dd5fa36e2d34f03923ae1ed0f6c,1c621fd3cdad1240a9d7f94a0cbf89846d163dd5fa36e2d34f03923ae1ed0f6c,exact_byte_copy
paper2_secVII_energy_longcheck/results/secVII_energy_longcheck_seed_132002.npz,point5_full_archive,results/secVII_energy_longcheck_seed_132002.npz,eb6c0c37e34f1a8375728dfe26397a74a04959577fe3203ce82155cb44e7a04d,eb6c0c37e34f1a8375728dfe26397a74a04959577fe3203ce82155cb44e7a04d,exact_byte_copy
paper2_secVII_energy_longcheck/results/secVII_energy_longcheck_seed_132003.json,point5_full_archive,results/secVII_energy_longcheck_seed_132003.json,5a917f763e60f775fc740c18a14d2148896aad01e3edb20eda18da985cf04893,5a917f763e60f775fc740c18a14d2148896aad01e3edb20eda18da985cf04893,exact_byte_copy
paper2_secVII_energy_longcheck/results/secVII_energy_longcheck_seed_132003.log,point5_full_archive,results/secVII_energy_longcheck_seed_132003.log,3f5fa87f494c968f1a09a60005be5af40ded8b4f50c1ee2c0c7c62809fa0778a,3f5fa87f494c968f1a09a60005be5af40ded8b4f50c1ee2c0c7c62809fa0778a,exact_byte_copy
paper2_secVII_energy_longcheck/results/secVII_energy_longcheck_seed_132003.npz,point5_full_archive,results/secVII_energy_longcheck_seed_132003.npz,a89a703df420923d51949179cf32dc6f3c97896537be809c2e0324e649e74491,a89a703df420923d51949179cf32dc6f3c97896537be809c2e0324e649e74491,exact_byte_copy
paper2_secVII_energy_longcheck/results/secVII_energy_longcheck_seed_132004.json,point5_full_archive,results/secVII_energy_longcheck_seed_132004.json,255e119e71730e32f7057aa707431a51d30fd365c932584293b46a92fba58c6e,255e119e71730e32f7057aa707431a51d30fd365c932584293b46a92fba58c6e,exact_byte_copy
paper2_secVII_energy_longcheck/results/secVII_energy_longcheck_seed_132004.log,point5_full_archive,results/secVII_energy_longcheck_seed_132004.log,224a338b477dfe5e49d1f194b4521de5824d8d65ed3abd698edf3cf3fb903389,224a338b477dfe5e49d1f194b4521de5824d8d65ed3abd698edf3cf3fb903389,exact_byte_copy
paper2_secVII_energy_longcheck/results/secVII_energy_longcheck_seed_132004.npz,point5_full_archive,results/secVII_energy_longcheck_seed_132004.npz,7b6a6c4aad7be0e9c92ad84b4b05b1aa20eadd4a9de4c5ea5ac7d59a2c8fafad,7b6a6c4aad7be0e9c92ad84b4b05b1aa20eadd4a9de4c5ea5ac7d59a2c8fafad,exact_byte_copy
paper2_secVII_energy_longcheck/results/secVII_energy_longcheck_seed_132005.json,point5_full_archive,results/secVII_energy_longcheck_seed_132005.json,0d8731b366ff7e1a80a6e0401f8a97e73b56855c847f8067475b9bf580b0aa5e,0d8731b366ff7e1a80a6e0401f8a97e73b56855c847f8067475b9bf580b0aa5e,exact_byte_copy
paper2_secVII_energy_longcheck/results/secVII_energy_longcheck_seed_132005.log,point5_full_archive,results/secVII_energy_longcheck_seed_132005.log,c95744f9c5078f15a13975360e04abfe8516fecfb0b9bbc100272489c751f97a,c95744f9c5078f15a13975360e04abfe8516fecfb0b9bbc100272489c751f97a,exact_byte_copy
paper2_secVII_energy_longcheck/results/secVII_energy_longcheck_seed_132005.npz,point5_full_archive,results/secVII_energy_longcheck_seed_132005.npz,8782955f513c92ff1e46676095c6971155daa66bcb6dc145416a670cb28ede61,8782955f513c92ff1e46676095c6971155daa66bcb6dc145416a670cb28ede61,exact_byte_copy
paper2_secVII_energy_longcheck/results/secVII_energy_longcheck_seed_132006.json,point5_full_archive,results/secVII_energy_longcheck_seed_132006.json,b056968526fd1926ff9452ba5a970b033cd97849e8dc58034df4a18fd5273308,b056968526fd1926ff9452ba5a970b033cd97849e8dc58034df4a18fd5273308,exact_byte_copy
paper2_secVII_energy_longcheck/results/secVII_energy_longcheck_seed_132006.log,point5_full_archive,results/secVII_energy_longcheck_seed_132006.log,f76b11a5dfc1757a0410a054a2c0edcd89586a8a5271daafb41a6cf0ac307302,f76b11a5dfc1757a0410a054a2c0edcd89586a8a5271daafb41a6cf0ac307302,exact_byte_copy
paper2_secVII_energy_longcheck/results/secVII_energy_longcheck_seed_132006.npz,point5_full_archive,results/secVII_energy_longcheck_seed_132006.npz,448823061d3a3a17d01d8830524e044c7989f95ea8675326fba3a65961523c1c,448823061d3a3a17d01d8830524e044c7989f95ea8675326fba3a65961523c1c,exact_byte_copy
paper2_secVII_energy_longcheck/results/secVII_energy_longcheck_seed_132007.json,point5_full_archive,results/secVII_energy_longcheck_seed_132007.json,8cedcee5d7ad4859597510ce1d796ad84e07ec8237ea8f60fc66c401e24788ae,8cedcee5d7ad4859597510ce1d796ad84e07ec8237ea8f60fc66c401e24788ae,exact_byte_copy
paper2_secVII_energy_longcheck/results/secVII_energy_longcheck_seed_132007.log,point5_full_archive,results/secVII_energy_longcheck_seed_132007.log,59877a5c840b3328e84e2a3dd6203350c1af3a6d8b2b02d2a493ac6ddbf69780,59877a5c840b3328e84e2a3dd6203350c1af3a6d8b2b02d2a493ac6ddbf69780,exact_byte_copy
paper2_secVII_energy_longcheck/results/secVII_energy_longcheck_seed_132007.npz,point5_full_archive,results/secVII_energy_longcheck_seed_132007.npz,da9765ff63c43e0832310dcbcd9b3b32c39a835248a449bf32f7619cb155e7d8,da9765ff63c43e0832310dcbcd9b3b32c39a835248a449bf32f7619cb155e7d8,exact_byte_copy
paper2_secVII_energy_longcheck/results/secVII_energy_longcheck_seed_132008.json,point5_full_archive,results/secVII_energy_longcheck_seed_132008.json,281493ab7fbd5aae56ca709ae6544de347065e0d67f99d89551e5b1ff59dc223,281493ab7fbd5aae56ca709ae6544de347065e0d67f99d89551e5b1ff59dc223,exact_byte_copy
paper2_secVII_energy_longcheck/results/secVII_energy_longcheck_seed_132008.log,point5_full_archive,results/secVII_energy_longcheck_seed_132008.log,15ac0b21d6c0b62c9103ab881811813d6279ac87d3058f9a474e00661ba73d3e,15ac0b21d6c0b62c9103ab881811813d6279ac87d3058f9a474e00661ba73d3e,exact_byte_copy
paper2_secVII_energy_longcheck/results/secVII_energy_longcheck_seed_132008.npz,point5_full_archive,results/secVII_energy_longcheck_seed_132008.npz,33455c1c1445b08aa5ceb99a52ce25a2e32c263e0b2d17cb4826e12ad2864e62,33455c1c1445b08aa5ceb99a52ce25a2e32c263e0b2d17cb4826e12ad2864e62,exact_byte_copy
paper2_secVII_energy_longcheck/results/secVII_energy_longcheck_seed_132009.json,point5_full_archive,results/secVII_energy_longcheck_seed_132009.json,8ecf53004262a4bf9689337339185b03d6756c222b6d98893854854212d17b9b,8ecf53004262a4bf9689337339185b03d6756c222b6d98893854854212d17b9b,exact_byte_copy
paper2_secVII_energy_longcheck/results/secVII_energy_longcheck_seed_132009.log,point5_full_archive,results/secVII_energy_longcheck_seed_132009.log,fbd03728f670a1157b12d1a62ed2ee981f9bc8cb61b7f51b77c4adc4d2b75883,fbd03728f670a1157b12d1a62ed2ee981f9bc8cb61b7f51b77c4adc4d2b75883,exact_byte_copy
paper2_secVII_energy_longcheck/results/secVII_energy_longcheck_seed_132009.npz,point5_full_archive,results/secVII_energy_longcheck_seed_132009.npz,b819ceef0feb9a345e7eca56917d7f9c527fbd4594fd2206f1348723e35032d5,b819ceef0feb9a345e7eca56917d7f9c527fbd4594fd2206f1348723e35032d5,exact_byte_copy
paper2_secVII_energy_longcheck/results/secVII_energy_longcheck_seed_132010.json,point5_full_archive,results/secVII_energy_longcheck_seed_132010.json,7138e03d92d910adaafd19e0e03fb37201c47401e27d8ca9f408c2ab3013e101,7138e03d92d910adaafd19e0e03fb37201c47401e27d8ca9f408c2ab3013e101,exact_byte_copy
paper2_secVII_energy_longcheck/results/secVII_energy_longcheck_seed_132010.log,point5_full_archive,results/secVII_energy_longcheck_seed_132010.log,22a280409a8dd901966e1e8c8e3e825a6861faa131e765bd9c37a1fa742a4dfb,22a280409a8dd901966e1e8c8e3e825a6861faa131e765bd9c37a1fa742a4dfb,exact_byte_copy
paper2_secVII_energy_longcheck/results/secVII_energy_longcheck_seed_132010.npz,point5_full_archive,results/secVII_energy_longcheck_seed_132010.npz,212a8f28550c948beaa36dbd9843cec326878628d83d15cf882ae029ac371288,212a8f28550c948beaa36dbd9843cec326878628d83d15cf882ae029ac371288,exact_byte_copy
paper2_secVII_energy_longcheck/results/secVII_energy_longcheck_seed_132011.json,point5_full_archive,results/secVII_energy_longcheck_seed_132011.json,ebea53c56d06bdd0a9a12c9b5a48b194d0d3b54cb5c78b26cde15c11da3eb320,ebea53c56d06bdd0a9a12c9b5a48b194d0d3b54cb5c78b26cde15c11da3eb320,exact_byte_copy
paper2_secVII_energy_longcheck/results/secVII_energy_longcheck_seed_132011.log,point5_full_archive,results/secVII_energy_longcheck_seed_132011.log,e03a8e1b552b8380208e0233a49a723fa89432486c39e0a236e124c681c2dbb6,e03a8e1b552b8380208e0233a49a723fa89432486c39e0a236e124c681c2dbb6,exact_byte_copy
paper2_secVII_energy_longcheck/results/secVII_energy_longcheck_seed_132011.npz,point5_full_archive,results/secVII_energy_longcheck_seed_132011.npz,3bce0ba1ede6a7e09b873d211b935be3c80b2777bff44e3bc0f3aeb5039c36ea,3bce0ba1ede6a7e09b873d211b935be3c80b2777bff44e3bc0f3aeb5039c36ea,exact_byte_copy
paper2_secVII_energy_longcheck/results/secVII_energy_longcheck_seed_132012.json,point5_full_archive,results/secVII_energy_longcheck_seed_132012.json,40b780093932a37808aecafcd54147fdc13c335c234eada847f06214b993740e,40b780093932a37808aecafcd54147fdc13c335c234eada847f06214b993740e,exact_byte_copy
paper2_secVII_energy_longcheck/results/secVII_energy_longcheck_seed_132012.log,point5_full_archive,results/secVII_energy_longcheck_seed_132012.log,125224af5aa8af077df8bbd3c299c9d7911e6f08138daaa3f111a6be13fb2284,125224af5aa8af077df8bbd3c299c9d7911e6f08138daaa3f111a6be13fb2284,exact_byte_copy
paper2_secVII_energy_longcheck/results/secVII_energy_longcheck_seed_132012.npz,point5_full_archive,results/secVII_energy_longcheck_seed_132012.npz,42dd58e805746cdd9772a10a4cdf0a7cca21354290ecf61696fea4c8bdadf863,42dd58e805746cdd9772a10a4cdf0a7cca21354290ecf61696fea4c8bdadf863,exact_byte_copy
paper2_secVII_energy_longcheck/results/secVII_energy_longcheck_seed_132013.json,point5_full_archive,results/secVII_energy_longcheck_seed_132013.json,e6d60cf6d61d26c565a6cf13c34b877dffd12caf0dd0141be18968213e32b89d,e6d60cf6d61d26c565a6cf13c34b877dffd12caf0dd0141be18968213e32b89d,exact_byte_copy
paper2_secVII_energy_longcheck/results/secVII_energy_longcheck_seed_132013.log,point5_full_archive,results/secVII_energy_longcheck_seed_132013.log,aa33c00cd865bceb0af368933d38dfbad83924052cbfbcecd065a8ba5f21c142,aa33c00cd865bceb0af368933d38dfbad83924052cbfbcecd065a8ba5f21c142,exact_byte_copy
paper2_secVII_energy_longcheck/results/secVII_energy_longcheck_seed_132013.npz,point5_full_archive,results/secVII_energy_longcheck_seed_132013.npz,8fbf02bd201eb0419a9bc10301b8f1d3c6583e27ad1a15585dc31d920e4de6a2,8fbf02bd201eb0419a9bc10301b8f1d3c6583e27ad1a15585dc31d920e4de6a2,exact_byte_copy
paper2_secVII_energy_longcheck/results/secVII_energy_longcheck_seed_132014.json,point5_full_archive,results/secVII_energy_longcheck_seed_132014.json,ceda094b731941d4ca52944489a06e8a856143b01d91523e6d262f82591b642c,ceda094b731941d4ca52944489a06e8a856143b01d91523e6d262f82591b642c,exact_byte_copy
paper2_secVII_energy_longcheck/results/secVII_energy_longcheck_seed_132014.log,point5_full_archive,results/secVII_energy_longcheck_seed_132014.log,727b28adeb98e444c8861ccb39faec7789d6740b7d5cfb97a398b4dd072a026a,727b28adeb98e444c8861ccb39faec7789d6740b7d5cfb97a398b4dd072a026a,exact_byte_copy
paper2_secVII_energy_longcheck/results/secVII_energy_longcheck_seed_132014.npz,point5_full_archive,results/secVII_energy_longcheck_seed_132014.npz,cc539b9cc2c24488ed7f7e8594850ac386b97b1bf8eb3e79f9b9e2edaf8101a9,cc539b9cc2c24488ed7f7e8594850ac386b97b1bf8eb3e79f9b9e2edaf8101a9,exact_byte_copy
paper2_secVII_energy_longcheck/results/secVII_energy_longcheck_seed_132015.json,point5_full_archive,results/secVII_energy_longcheck_seed_132015.json,9e611e699bcdb0683b00bbb0eb4a6a507e2727cbe45af1cc55e10fe202e17318,9e611e699bcdb0683b00bbb0eb4a6a507e2727cbe45af1cc55e10fe202e17318,exact_byte_copy
paper2_secVII_energy_longcheck/results/secVII_energy_longcheck_seed_132015.log,point5_full_archive,results/secVII_energy_longcheck_seed_132015.log,913d4cda309bc3a9e5dd57e6905829c29e1f9066080d8daffd1350564709f71d,913d4cda309bc3a9e5dd57e6905829c29e1f9066080d8daffd1350564709f71d,exact_byte_copy
paper2_secVII_energy_longcheck/results/secVII_energy_longcheck_seed_132015.npz,point5_full_archive,results/secVII_energy_longcheck_seed_132015.npz,3e668ba5fe674a87bd215eeee74da24aff0167e6cce255cfbd5aefe77f8c88be,3e668ba5fe674a87bd215eeee74da24aff0167e6cce255cfbd5aefe77f8c88be,exact_byte_copy
paper2_secVII_energy_longcheck/results/secVII_energy_longcheck_seed_132016.json,point5_full_archive,results/secVII_energy_longcheck_seed_132016.json,0a9de7990204c6bb87b8599bdf47ce421df180e37a4b2c824d8fe54c276ab342,0a9de7990204c6bb87b8599bdf47ce421df180e37a4b2c824d8fe54c276ab342,exact_byte_copy
paper2_secVII_energy_longcheck/results/secVII_energy_longcheck_seed_132016.log,point5_full_archive,results/secVII_energy_longcheck_seed_132016.log,02d6bdb47c7876b16e1916bc6933ea2d1d8d65eb2ba44abc335dc496bb48d3b0,02d6bdb47c7876b16e1916bc6933ea2d1d8d65eb2ba44abc335dc496bb48d3b0,exact_byte_copy
paper2_secVII_energy_longcheck/results/secVII_energy_longcheck_seed_132016.npz,point5_full_archive,results/secVII_energy_longcheck_seed_132016.npz,3374c21cb5cc8696de8b3513d5d74d0ad9c3d424c904f49c4972aa138d8cc9f7,3374c21cb5cc8696de8b3513d5d74d0ad9c3d424c904f49c4972aa138d8cc9f7,exact_byte_copy
paper2_secVII_energy_longcheck/results/secVII_energy_longcheck_summary.md,point5_full_archive,results/secVII_energy_longcheck_summary.md,917b025fb933a0e492c555ee7ec3a3b0053a1990e68a2683dcea149679808a6b,917b025fb933a0e492c555ee7ec3a3b0053a1990e68a2683dcea149679808a6b,exact_byte_copy
paper2_secVII_energy_longcheck/run_secVII_energy_longcheck.py,point5_full_archive,run_secVII_energy_longcheck.py,691f65a9e85693b24902b2a2bb1db8e39948a0f3e3d2f08fec8005ce2a87b873,691f65a9e85693b24902b2a2bb1db8e39948a0f3e3d2f08fec8005ce2a87b873,exact_byte_copy
paper2_secVII_energy_longcheck/source_provenance.json,repo_hardening_generated,,,5cf7975a0837913bcff27d562ead2a97bd4de993860ebbe93647d88811b153c8,provenance_path_sanitization_only_or_regenerated_metadata
paper2_secVII_l1_noise_floor/POINT6_ARCHIVAL_32BIN_RECOVERY_PROTOCOL_2026-09-08.md,point6_full_archive,POINT6_ARCHIVAL_32BIN_RECOVERY_PROTOCOL_2026-09-08.md,cecc651bbd441a90d025794ad8588927938ca0064b632f5857dbe53fbe0b0c32,cecc651bbd441a90d025794ad8588927938ca0064b632f5857dbe53fbe0b0c32,exact_byte_copy
paper2_secVII_l1_noise_floor/POINT6_FORENSIC_AUDIT_2026-09-08.md,point6_full_archive,POINT6_FORENSIC_AUDIT_2026-09-08.md,586027d09e6091c92066f46df0fbf23d96408250c5514812300ea4479b59b19f,586027d09e6091c92066f46df0fbf23d96408250c5514812300ea4479b59b19f,exact_byte_copy
paper2_secVII_l1_noise_floor/POINT6_SEC_VII_L1_NOISE_FLOOR_PROTOCOL_2026-09-08.md,point6_full_archive,POINT6_SEC_VII_L1_NOISE_FLOOR_PROTOCOL_2026-09-08.md,e4c09eedafc58abf0f7e3b93163af3801fd5dcd970819d91866e3984922aa2fb,e4c09eedafc58abf0f7e3b93163af3801fd5dcd970819d91866e3984922aa2fb,exact_byte_copy
paper2_secVII_l1_noise_floor/README.md,repo_hardening_generated,,,8f978554bd88536652f7bdaf58f34086e52720168ece7401136528c7d30c4b28,generated_or_modified_during_public_repo_hardening
paper2_secVII_l1_noise_floor/analyze_point6_l1_noise_floor_PRE_VARIANCE_CORRECTION.py,repo_hardening_generated,,,e62f4921dfc73353b34d52e3f807fb254db07837f25ea07e48eb00fecce246bb,generated_or_modified_during_public_repo_hardening
paper2_secVII_l1_noise_floor/analyze_point6_l1_noise_floor_variance_corrected.py,repo_hardening_generated,,,f49926f613f7a6efc42a1f13e020bfba7c07e0c153a1035e9c6191b70aca57aa,generated_or_modified_during_public_repo_hardening
paper2_secVII_l1_noise_floor/exact_multibin/exact_P64_multibin_16.npz,point6_full_archive,exact_multibin/exact_P64_multibin_16.npz,9ef9f6ab8c0aa60cb0d8a675cff2a09896cf0cdbbe4b697e15c89d175ea49f74,9ef9f6ab8c0aa60cb0d8a675cff2a09896cf0cdbbe4b697e15c89d175ea49f74,exact_byte_copy
paper2_secVII_l1_noise_floor/exact_multibin/exact_P64_multibin_32.npz,point6_full_archive,exact_multibin/exact_P64_multibin_32.npz,c29a6cb8e4f4c2fa140cb29f4025d3423580de230036a7b4fbf703b5503f553e,c29a6cb8e4f4c2fa140cb29f4025d3423580de230036a7b4fbf703b5503f553e,exact_byte_copy
paper2_secVII_l1_noise_floor/exact_multibin/exact_P64_multibin_8.npz,point6_full_archive,exact_multibin/exact_P64_multibin_8.npz,eac1e75235a5db7bba9c945fb99bd6505f02cd2cf3cc8d4373153596fb416654,eac1e75235a5db7bba9c945fb99bd6505f02cd2cf3cc8d4373153596fb416654,exact_byte_copy
paper2_secVII_l1_noise_floor/exact_multibin/exact_multibin.py,point6_full_archive,exact_multibin/exact_multibin.py,faace4868cc0b91fc0dc85d38d255db43ed832c273377eda0d68b8e4efb6ed66,faace4868cc0b91fc0dc85d38d255db43ed832c273377eda0d68b8e4efb6ed66,exact_byte_copy
paper2_secVII_l1_noise_floor/exact_multibin/run.log,point6_full_archive,exact_multibin/run.log,60da051ed2411314c2f7c3bbf0b4d07c0da0a417fb85479a6023d58772c37169,60da051ed2411314c2f7c3bbf0b4d07c0da0a417fb85479a6023d58772c37169,exact_byte_copy
paper2_secVII_l1_noise_floor/provenance/original_archive/SHA256_MANIFEST_ORIGINAL.txt,point6_full_archive,SHA256_MANIFEST.txt,87cf4e6f60097fa682728dc57f57f4d7167ae8b6cf7903f773bf8be962124106,87cf4e6f60097fa682728dc57f57f4d7167ae8b6cf7903f773bf8be962124106,exact_byte_copy
paper2_secVII_l1_noise_floor/provenance/original_archive/SHA256_SOURCES_ORIGINAL.txt,point6_full_archive,SHA256_SOURCES.txt,85fdf811502a76212ad57050ae8ff5089817f2ce0f2efee5e04878837dbbf22d,85fdf811502a76212ad57050ae8ff5089817f2ce0f2efee5e04878837dbbf22d,exact_byte_copy
paper2_secVII_l1_noise_floor/replay_hist32/lhap0a_seed_131001_hist32_replay.npz,point6_full_archive,replay_hist32/lhap0a_seed_131001_hist32_replay.npz,46367aa1a82150a9372289d2a281a12c1c986aa96273cd0b263d20460e25d9ca,46367aa1a82150a9372289d2a281a12c1c986aa96273cd0b263d20460e25d9ca,exact_byte_copy
paper2_secVII_l1_noise_floor/replay_hist32/lhap0a_seed_131002_hist32_replay.npz,point6_full_archive,replay_hist32/lhap0a_seed_131002_hist32_replay.npz,e3f2284784bf1ce61e0fdaafdd4f4a2ced60e2c56972c0a4d10d6acec131dbfd,e3f2284784bf1ce61e0fdaafdd4f4a2ced60e2c56972c0a4d10d6acec131dbfd,exact_byte_copy
paper2_secVII_l1_noise_floor/replay_hist32/lhap0a_seed_131003_hist32_replay.npz,point6_full_archive,replay_hist32/lhap0a_seed_131003_hist32_replay.npz,24be7cb22af314a51bec9f9ccb35bd714cfa24553897dfce577d8f3f1afeb9b1,24be7cb22af314a51bec9f9ccb35bd714cfa24553897dfce577d8f3f1afeb9b1,exact_byte_copy
paper2_secVII_l1_noise_floor/replay_hist32/lhap0a_seed_131004_hist32_replay.npz,point6_full_archive,replay_hist32/lhap0a_seed_131004_hist32_replay.npz,4fa89a4777de40de43d2844a6f4a17cf16f5bca7e154e766269ced3a12219bf2,4fa89a4777de40de43d2844a6f4a17cf16f5bca7e154e766269ced3a12219bf2,exact_byte_copy
paper2_secVII_l1_noise_floor/replay_hist32/lhap0a_seed_131005_hist32_replay.npz,point6_full_archive,replay_hist32/lhap0a_seed_131005_hist32_replay.npz,e8f2316d02aa50dd709e759bdeaaa7be37ae123fee14f4c1a9dae549dcb8e78f,e8f2316d02aa50dd709e759bdeaaa7be37ae123fee14f4c1a9dae549dcb8e78f,exact_byte_copy
paper2_secVII_l1_noise_floor/replay_hist32/lhap0a_seed_131006_hist32_replay.npz,point6_full_archive,replay_hist32/lhap0a_seed_131006_hist32_replay.npz,e87b6ad10d6501c51aa19db8c284a4f1a56b159b6ae7885c2de0bd81ce2b39f7,e87b6ad10d6501c51aa19db8c284a4f1a56b159b6ae7885c2de0bd81ce2b39f7,exact_byte_copy
paper2_secVII_l1_noise_floor/replay_hist32/lhap0a_seed_131007_hist32_replay.npz,point6_full_archive,replay_hist32/lhap0a_seed_131007_hist32_replay.npz,c9a4657a9591a472dc4085e27af435fb97591e40162a1c9ea73187cf3c531cea,c9a4657a9591a472dc4085e27af435fb97591e40162a1c9ea73187cf3c531cea,exact_byte_copy
paper2_secVII_l1_noise_floor/replay_hist32/lhap0a_seed_131008_hist32_replay.npz,point6_full_archive,replay_hist32/lhap0a_seed_131008_hist32_replay.npz,89b4ec1f84bbfea8c734ec3f80f5f71471ee5bc21574151779836ff30469e8e9,89b4ec1f84bbfea8c734ec3f80f5f71471ee5bc21574151779836ff30469e8e9,exact_byte_copy
paper2_secVII_l1_noise_floor/replay_hist32/lhap0a_seed_131009_hist32_replay.npz,point6_full_archive,replay_hist32/lhap0a_seed_131009_hist32_replay.npz,cac7bd5769827833f5993b764aea615745744915c28882597755fd5b197d4c71,cac7bd5769827833f5993b764aea615745744915c28882597755fd5b197d4c71,exact_byte_copy
paper2_secVII_l1_noise_floor/replay_hist32/lhap0a_seed_131010_hist32_replay.npz,point6_full_archive,replay_hist32/lhap0a_seed_131010_hist32_replay.npz,648da4ee739c25beed01b19aa98acb7206a36c065d02131c2bddf0446d058812,648da4ee739c25beed01b19aa98acb7206a36c065d02131c2bddf0446d058812,exact_byte_copy
paper2_secVII_l1_noise_floor/replay_hist32/lhap0a_seed_131011_hist32_replay.npz,point6_full_archive,replay_hist32/lhap0a_seed_131011_hist32_replay.npz,9af277bc0f730538f3fa4edd4ac7fb9c4aa6beb6a6c6c1b04a52090f6ed60b94,9af277bc0f730538f3fa4edd4ac7fb9c4aa6beb6a6c6c1b04a52090f6ed60b94,exact_byte_copy
paper2_secVII_l1_noise_floor/replay_hist32/lhap0a_seed_131012_hist32_replay.npz,point6_full_archive,replay_hist32/lhap0a_seed_131012_hist32_replay.npz,7ed25d59d170f6483c4a7cb7d69e62124eaed505d253062c42c298d03bf2b528,7ed25d59d170f6483c4a7cb7d69e62124eaed505d253062c42c298d03bf2b528,exact_byte_copy
paper2_secVII_l1_noise_floor/replay_hist32/lhap0a_seed_131013_hist32_replay.npz,point6_full_archive,replay_hist32/lhap0a_seed_131013_hist32_replay.npz,9dc85716eabad651556f322e302cd163d11d604798fb45f23598ba30313c374e,9dc85716eabad651556f322e302cd163d11d604798fb45f23598ba30313c374e,exact_byte_copy
paper2_secVII_l1_noise_floor/replay_hist32/lhap0a_seed_131014_hist32_replay.npz,point6_full_archive,replay_hist32/lhap0a_seed_131014_hist32_replay.npz,0528e7b7888c7e0b76cd43ab338d0a57bdeb5a3867f38c392411bbfcbf8c7429,0528e7b7888c7e0b76cd43ab338d0a57bdeb5a3867f38c392411bbfcbf8c7429,exact_byte_copy
paper2_secVII_l1_noise_floor/replay_hist32/lhap0a_seed_131015_hist32_replay.npz,point6_full_archive,replay_hist32/lhap0a_seed_131015_hist32_replay.npz,c2c1717a4260767eaa7eb817f22cbb370435d1886044c35bd6a79a177dc0fcf9,c2c1717a4260767eaa7eb817f22cbb370435d1886044c35bd6a79a177dc0fcf9,exact_byte_copy
paper2_secVII_l1_noise_floor/replay_hist32/lhap0a_seed_131016_hist32_replay.npz,point6_full_archive,replay_hist32/lhap0a_seed_131016_hist32_replay.npz,aec6de062bf41d99603ad6ccad335880f0fbcb3a1d4ebac194a69789349f77a9,aec6de062bf41d99603ad6ccad335880f0fbcb3a1d4ebac194a69789349f77a9,exact_byte_copy
paper2_secVII_l1_noise_floor/replay_hist32/replay_gate_summary.json,point6_full_archive,replay_hist32/replay_gate_summary.json,8851c4b3f48a826ee6cb14b441b5c5f081b59d6630a192a8f3ea520c6c85b66a,8851c4b3f48a826ee6cb14b441b5c5f081b59d6630a192a8f3ea520c6c85b66a,exact_byte_copy
paper2_secVII_l1_noise_floor/replay_publication_hist32.py,point6_full_archive,replay_publication_hist32.py,3c34261d82c6f4aed4b0d506bdd4a06ba4da345900ffa658cb5e891f00e33c7c,3c34261d82c6f4aed4b0d506bdd4a06ba4da345900ffa658cb5e891f00e33c7c,exact_byte_copy
paper2_secVII_l1_noise_floor/results/POINT6_VARIANCE_CORRECTION_AUDIT_2026-09-08.md,v6.3.3_submission_candidate,validation/POINT6_VARIANCE_CORRECTION_AUDIT_2026-09-08.md,9b7dc349efd2c0ac5ab5946ef59718e09503392623bd45d81b0a48d117c456e6,9b7dc349efd2c0ac5ab5946ef59718e09503392623bd45d81b0a48d117c456e6,exact_byte_copy
paper2_secVII_l1_noise_floor/results/point6_l1_noise_floor_summary_variance_corrected.csv,v6.3.3_submission_candidate,validation/point6_l1_noise_floor_summary_variance_corrected.csv,01cf81aa142ed92607dda76e3468a89b0ae840882558645e1d61bf72577a768a,01cf81aa142ed92607dda76e3468a89b0ae840882558645e1d61bf72577a768a,exact_byte_copy
paper2_secVII_l1_noise_floor/results/point6_l1_null_bootstrap_variance_corrected.npz,v6.3.3_submission_candidate,validation/point6_l1_null_bootstrap_variance_corrected.npz,177164e67e8ea8347fa6573f3cfa2efb709e15cef0062315f5686eed79f3385c,177164e67e8ea8347fa6573f3cfa2efb709e15cef0062315f5686eed79f3385c,exact_byte_copy
paper2_secVII_l1_noise_floor/results_pre_variance_correction/point6_l1_noise_floor_summary.csv,point6_full_archive,results/point6_l1_noise_floor_summary.csv,a56f97497a3faa5d903c4e23d5c6363018554551c354f6a6e636c2f4921cc34a,a56f97497a3faa5d903c4e23d5c6363018554551c354f6a6e636c2f4921cc34a,exact_byte_copy
paper2_secVII_l1_noise_floor/results_pre_variance_correction/point6_l1_noise_floor_summary.md,point6_full_archive,results/point6_l1_noise_floor_summary.md,880daa82ad98e49e14e2003ac38781e4a62da11205b7bebf453183da90cc64ac,880daa82ad98e49e14e2003ac38781e4a62da11205b7bebf453183da90cc64ac,exact_byte_copy
paper2_secVII_l1_noise_floor/results_pre_variance_correction/point6_l1_null_bootstrap.npz,point6_full_archive,results/point6_l1_null_bootstrap.npz,164b871c18130b9fee08d964edf8547cab3e25c0758f9351cf06bc3d2335f458,164b871c18130b9fee08d964edf8547cab3e25c0758f9351cf06bc3d2335f458,exact_byte_copy
paper2_secVII_l1_noise_floor/results_pre_variance_correction/point6_l1_per_chain.csv,point6_full_archive,results/point6_l1_per_chain.csv,10eb03055a65f6f7e5e77a6f95942d85e515ccc1143c1ba3ebf4e792098077ec,10eb03055a65f6f7e5e77a6f95942d85e515ccc1143c1ba3ebf4e792098077ec,exact_byte_copy
paper2_secVII_l1_noise_floor/results_pre_variance_correction/point6_provenance.json,point6_full_archive,results/point6_provenance.json,65e7a748be7c51f985127f5124c23a4dcd5104ae34b25a36162cd15d3f8ec78e,65e7a748be7c51f985127f5124c23a4dcd5104ae34b25a36162cd15d3f8ec78e,exact_byte_copy
paper2_secVII_l1_noise_floor/splh_multibin/run.log,point6_full_archive,splh_multibin/run.log,69b6d8bf48ef8ef0855570e030518910c7e6f2afccde08168329021e690dbc83,69b6d8bf48ef8ef0855570e030518910c7e6f2afccde08168329021e690dbc83,exact_byte_copy
paper2_secVII_l1_noise_floor/splh_multibin/splh_multibin.py,point6_full_archive,splh_multibin/splh_multibin.py,43ab1975b087f4a9dfe6fed87b10fbfbdd75e5a7c11a9f11ea4713ed0d5dc7db,43ab1975b087f4a9dfe6fed87b10fbfbdd75e5a7c11a9f11ea4713ed0d5dc7db,exact_byte_copy
paper2_secVII_l1_noise_floor/splh_multibin/splh_multibin_16.npz,point6_full_archive,splh_multibin/splh_multibin_16.npz,1aae1068b2b884788ba1b4d0c84866a9781867f16611b59b3182d46e704fc099,1aae1068b2b884788ba1b4d0c84866a9781867f16611b59b3182d46e704fc099,exact_byte_copy
paper2_secVII_l1_noise_floor/splh_multibin/splh_multibin_32.npz,point6_full_archive,splh_multibin/splh_multibin_32.npz,c4f4da22c43d95233d56cce659e1b8ac39fecb874eae4809db860617e68bb155,c4f4da22c43d95233d56cce659e1b8ac39fecb874eae4809db860617e68bb155,exact_byte_copy
paper2_secVII_l1_noise_floor/splh_multibin/splh_multibin_8.npz,point6_full_archive,splh_multibin/splh_multibin_8.npz,f8a637b68ecbfe6f99142784b57ed39c264f2766a11668ca1bf32ec5b261c215,f8a637b68ecbfe6f99142784b57ed39c264f2766a11668ca1bf32ec5b261c215,exact_byte_copy
paper2_wall_radius_sensitivity_R30/README.md,PRE_referee_revision_v1.0.1,,,65e3843c0305e414ac31f0405e79e9eeab1ec0c062a2d91e07eee683b8d664be,added_for_Rwall_30nm_referee_revision
paper2_wall_radius_sensitivity_R30/RUN_COMMAND.txt,PRE_referee_revision_v1.0.1,,,5af28d59bc8bc85cc97d3c73a702cd512e363d85b63c58d03408b17553cb6beb,added_for_Rwall_30nm_referee_revision
paper2_wall_radius_sensitivity_R30/WALL_RADIUS_SENSITIVITY_PROTOCOL.md,PRE_referee_revision_v1.0.1,,,6ca92ae5e7763b9cfdd699fe49db00c93efa247c1d049181d56485f52b377286,added_for_Rwall_30nm_referee_revision
paper2_wall_radius_sensitivity_R30/results/R30_RESULT.md,PRE_referee_revision_v1.0.1,,,a06a1b6221a6345f7aa2dba75055f6b3e76288aff23e6c37a7315698158fbef1,added_for_Rwall_30nm_referee_revision
paper2_wall_radius_sensitivity_R30/results/R30_burnin_sensitivity.csv,PRE_referee_revision_v1.0.1,,,833c8fd61349ec20de2a5034b96d3c21954c74d7a3a28ab9fbf304d361f87921,added_for_Rwall_30nm_referee_revision
paper2_wall_radius_sensitivity_R30/results/R30_per_chain_primary.csv,PRE_referee_revision_v1.0.1,,,b834f2404f07f60b0c67e7efd93c541c2b399cf0e30a3e14354c65b7e3343b04,added_for_Rwall_30nm_referee_revision
paper2_wall_radius_sensitivity_R30/results/R30_primary_blocks.csv,PRE_referee_revision_v1.0.1,,,538b0cd4a5303de8dc98638193fe3fdb5ef1321ed83eaed02ee6b8299f97d478,added_for_Rwall_30nm_referee_revision
paper2_wall_radius_sensitivity_R30/results/R30_summary.json,PRE_referee_revision_v1.0.1,,,3206bebac7708fbe524511dd47654af0e6968f9f751d90e69aa1ed5fee65f139,added_for_Rwall_30nm_referee_revision
paper2_wall_radius_sensitivity_R30/results/source_provenance.json,PRE_referee_revision_v1.0.1,,,2f7e4854915395f0eaa801c41533e0d2d2aa9d963d5298004364f744eb2e9372,added_for_Rwall_30nm_referee_revision
paper2_wall_radius_sensitivity_R30/run_wall_radius_sensitivity_R30.py,PRE_referee_revision_v1.0.1,,,d4a9acb84a9fa261ba6261884cbc04df31ff886366fc87c929bed322bb10ddfc,added_for_Rwall_30nm_referee_revision
point7_exact_bz/point7_work/POINT7_FIG2_BZ_ANCHORS_PROTOCOL_2026-09-08.md,point7_full_archive,point7_work/POINT7_FIG2_BZ_ANCHORS_PROTOCOL_2026-09-08.md,6a66b1f078fc612b60a0507cb024ad61862ecbc15633d8c22c41e2ffb84644c1,6a66b1f078fc612b60a0507cb024ad61862ecbc15633d8c22c41e2ffb84644c1,exact_byte_copy
point7_exact_bz/point7_work/POINT7_FORENSIC_AUDIT_2026-09-08.md,point7_full_archive,point7_work/POINT7_FORENSIC_AUDIT_2026-09-08.md,b2838f6c2af5472c25e44db91b30acd2198a00f4ba1f95de2f7b8c67684f1c65,b2838f6c2af5472c25e44db91b30acd2198a00f4ba1f95de2f7b8c67684f1c65,exact_byte_copy
point7_exact_bz/point7_work/build_point7_anchor_table_and_audit.py,repo_hardening_generated,,,4327caf96d0ee992a8c5ae33de89c8b60812996d381ff1b20832e33aae34f9c7,portability_hardening_repo_relative_paths
point7_exact_bz/point7_work/continuum.log,point7_full_archive,point7_work/continuum.log,4eb7031bb4861bdbbbd9425760b42b3e7d704d9e6d11f8579c7ab29c045e1d97,4eb7031bb4861bdbbbd9425760b42b3e7d704d9e6d11f8579c7ab29c045e1d97,exact_byte_copy
point7_exact_bz/point7_work/finiteP.log,point7_full_archive,point7_work/finiteP.log,0783c8ffbce394162ecadf34c4b4e5bd2bdecf91717d0cbbe8423ba4d61caec1,0783c8ffbce394162ecadf34c4b4e5bd2bdecf91717d0cbbe8423ba4d61caec1,exact_byte_copy
point7_exact_bz/point7_work/p2c_make_figure2_before_caustic_POINT7.py,point7_full_archive,point7_work/p2c_make_figure2_before_caustic_POINT7.py,2640c2fa176ed02e897e24aa7c91f086da5756e48620be9da511143aeed088e9,2640c2fa176ed02e897e24aa7c91f086da5756e48620be9da511143aeed088e9,exact_byte_copy
point7_exact_bz/point7_work/p7_P64_beta_0p5.csv,point7_full_archive,point7_work/p7_P64_beta_0p5.csv,7daaad17d19936aa6116a3b59ea044e3d98f95e9e40e02160d12d4da2449757a,7daaad17d19936aa6116a3b59ea044e3d98f95e9e40e02160d12d4da2449757a,exact_byte_copy
point7_exact_bz/point7_work/p7_P64_beta_0p5.npz,point7_full_archive,point7_work/p7_P64_beta_0p5.npz,29e82b8d4fceb5706276e1bae662b703617353ac3df483f8b78510b353a96c92,29e82b8d4fceb5706276e1bae662b703617353ac3df483f8b78510b353a96c92,exact_byte_copy
point7_exact_bz/point7_work/p7_P64_beta_0p8.csv,point7_full_archive,point7_work/p7_P64_beta_0p8.csv,ef1b7de90a4b8318286d08decda4eb9b4eff53bb3339a087b1615f80b2b666d5,ef1b7de90a4b8318286d08decda4eb9b4eff53bb3339a087b1615f80b2b666d5,exact_byte_copy
point7_exact_bz/point7_work/p7_P64_beta_0p8.npz,point7_full_archive,point7_work/p7_P64_beta_0p8.npz,225078c83824586d7e136bc40c28210023498fe08bd3c233ce45859d446619e6,225078c83824586d7e136bc40c28210023498fe08bd3c233ce45859d446619e6,exact_byte_copy
point7_exact_bz/point7_work/p7_P64_beta_1p0.csv,point7_full_archive,point7_work/p7_P64_beta_1p0.csv,9a37300b402d50d9164db492c751d353c995c8762f26e1f56946a3a790c81015,9a37300b402d50d9164db492c751d353c995c8762f26e1f56946a3a790c81015,exact_byte_copy
point7_exact_bz/point7_work/p7_P64_beta_1p0.npz,point7_full_archive,point7_work/p7_P64_beta_1p0.npz,826bebc6e396dc218897f0fb7e092478835cbadda9264ddc3cabb378e60da30a,826bebc6e396dc218897f0fb7e092478835cbadda9264ddc3cabb378e60da30a,exact_byte_copy
point7_exact_bz/point7_work/p7_P64_beta_1p3.csv,point7_full_archive,point7_work/p7_P64_beta_1p3.csv,163a3a86505e3397e81dbd7e2e6454490c923ea8614f903d6fbfce414081119e,163a3a86505e3397e81dbd7e2e6454490c923ea8614f903d6fbfce414081119e,exact_byte_copy
point7_exact_bz/point7_work/p7_P64_beta_1p3.npz,point7_full_archive,point7_work/p7_P64_beta_1p3.npz,83da843d1b361e954ba2800952225aa951412f723145e5a649036402cc4ac783,83da843d1b361e954ba2800952225aa951412f723145e5a649036402cc4ac783,exact_byte_copy
point7_exact_bz/point7_work/p7_P64_beta_1p6.csv,point7_full_archive,point7_work/p7_P64_beta_1p6.csv,0fecb8fea80f34ab194e94be93100ab279ec9c628e333d2bb10191f33ae04394,0fecb8fea80f34ab194e94be93100ab279ec9c628e333d2bb10191f33ae04394,exact_byte_copy
point7_exact_bz/point7_work/p7_P64_beta_1p6.npz,point7_full_archive,point7_work/p7_P64_beta_1p6.npz,2d345c3da8b13d2197abb66197eedbad943d55e7ae2b4d9bc9c2ea18ff091582,2d345c3da8b13d2197abb66197eedbad943d55e7ae2b4d9bc9c2ea18ff091582,exact_byte_copy
point7_exact_bz/point7_work/p7_P64_beta_1p9.csv,point7_full_archive,point7_work/p7_P64_beta_1p9.csv,f133df204b97e588d56ab3ab5e895e701e22c732f050d4aec6baad793fd0ecde,f133df204b97e588d56ab3ab5e895e701e22c732f050d4aec6baad793fd0ecde,exact_byte_copy
point7_exact_bz/point7_work/p7_P64_beta_1p9.npz,point7_full_archive,point7_work/p7_P64_beta_1p9.npz,d704cf8e488e7244a95176e36363c6a7c9dc199ae10c0b72c238b41656faf74d,d704cf8e488e7244a95176e36363c6a7c9dc199ae10c0b72c238b41656faf74d,exact_byte_copy
point7_exact_bz/point7_work/p7_P64_beta_2p1.csv,point7_full_archive,point7_work/p7_P64_beta_2p1.csv,909da1d205132f0c41ad2f5e8ca7e2a3cacbdc6300394dfa37023c992f5b8a87,909da1d205132f0c41ad2f5e8ca7e2a3cacbdc6300394dfa37023c992f5b8a87,exact_byte_copy
point7_exact_bz/point7_work/p7_P64_beta_2p1.npz,point7_full_archive,point7_work/p7_P64_beta_2p1.npz,52677678e33d1e40322a8189d34f527dcde4ce614eeb5800638b1f4fad8f3432,52677678e33d1e40322a8189d34f527dcde4ce614eeb5800638b1f4fad8f3432,exact_byte_copy
point7_exact_bz/point7_work/p7_P64_beta_2p25.csv,point7_full_archive,point7_work/p7_P64_beta_2p25.csv,1fde92f4afa1665b47140cec5ee9a74da533dcf1904852b6b03567d2ef1879f4,1fde92f4afa1665b47140cec5ee9a74da533dcf1904852b6b03567d2ef1879f4,exact_byte_copy
point7_exact_bz/point7_work/p7_P64_beta_2p25.npz,point7_full_archive,point7_work/p7_P64_beta_2p25.npz,2c96ab989b1c058347a1080ce0fe8e9b1783b33f3d7463051fe5aac825b2ace5,2c96ab989b1c058347a1080ce0fe8e9b1783b33f3d7463051fe5aac825b2ace5,exact_byte_copy
point7_exact_bz/point7_work/p7_P64_beta_2p35.csv,point7_full_archive,point7_work/p7_P64_beta_2p35.csv,38aefd5a861d7eb08d86ba1543f001a158d6357c50464f609cfe66243795e588,38aefd5a861d7eb08d86ba1543f001a158d6357c50464f609cfe66243795e588,exact_byte_copy
point7_exact_bz/point7_work/p7_P64_beta_2p35.npz,point7_full_archive,point7_work/p7_P64_beta_2p35.npz,f5ca6e0474e1b93698cb8ba93605078406c2de0248ec8ef86c95a3a1241b96c5,f5ca6e0474e1b93698cb8ba93605078406c2de0248ec8ef86c95a3a1241b96c5,exact_byte_copy
point7_exact_bz/point7_work/p7_P64_beta_2p42.csv,point7_full_archive,point7_work/p7_P64_beta_2p42.csv,a47cfd0ebc06968cbccc16d0173fdd8b8b856f0be8e91f807ee63466a570da5e,a47cfd0ebc06968cbccc16d0173fdd8b8b856f0be8e91f807ee63466a570da5e,exact_byte_copy
point7_exact_bz/point7_work/p7_P64_beta_2p42.npz,point7_full_archive,point7_work/p7_P64_beta_2p42.npz,60f75a86e4c335cf07807c6c46722a04cd6cb0a326e50951dd0f6c51e99d69e0,60f75a86e4c335cf07807c6c46722a04cd6cb0a326e50951dd0f6c51e99d69e0,exact_byte_copy
point7_exact_bz/point7_work/p7_P64_beta_2p48.csv,point7_full_archive,point7_work/p7_P64_beta_2p48.csv,9f33dfee453fc3d639fed4af25f3b88a8bc949fe1f4db832403c63df27627db6,9f33dfee453fc3d639fed4af25f3b88a8bc949fe1f4db832403c63df27627db6,exact_byte_copy
point7_exact_bz/point7_work/p7_P64_beta_2p48.npz,point7_full_archive,point7_work/p7_P64_beta_2p48.npz,ae40c902b08f3ea1d7c60fae7915ec5e2566df2503d378f5b8d97a87d6becef2,ae40c902b08f3ea1d7c60fae7915ec5e2566df2503d378f5b8d97a87d6becef2,exact_byte_copy
point7_exact_bz/point7_work/p7_P64_beta_2p5.csv,point7_full_archive,point7_work/p7_P64_beta_2p5.csv,aadea98a2afd3ad8fce292df7959c4400b2b0197be90427d2be54a1cbfa993e5,aadea98a2afd3ad8fce292df7959c4400b2b0197be90427d2be54a1cbfa993e5,exact_byte_copy
point7_exact_bz/point7_work/p7_P64_beta_2p5.npz,point7_full_archive,point7_work/p7_P64_beta_2p5.npz,fd5b82cb154e04de404122bc5ce39ee338f527a145784228a7ca104a19a60889,fd5b82cb154e04de404122bc5ce39ee338f527a145784228a7ca104a19a60889,exact_byte_copy
point7_exact_bz/point7_work/p7_P64_beta_2p54.csv,point7_full_archive,point7_work/p7_P64_beta_2p54.csv,5bd14855dd7d019993213c244a31723a14f53b2952614e699f5e306db29c8eb4,5bd14855dd7d019993213c244a31723a14f53b2952614e699f5e306db29c8eb4,exact_byte_copy
point7_exact_bz/point7_work/p7_P64_beta_2p54.npz,point7_full_archive,point7_work/p7_P64_beta_2p54.npz,379c7d6950d6bb6fec115efb7ef7729588a4a9c2129eddbd3a75cb59b667808f,379c7d6950d6bb6fec115efb7ef7729588a4a9c2129eddbd3a75cb59b667808f,exact_byte_copy
point7_exact_bz/point7_work/p7_p64_0p5.log,point7_full_archive,point7_work/p7_p64_0p5.log,1865ecd1a04318b4d4fd687a9fe57c916c4e9d1876d6107de237d563054f51a1,1865ecd1a04318b4d4fd687a9fe57c916c4e9d1876d6107de237d563054f51a1,exact_byte_copy
point7_exact_bz/point7_work/p7_p64_0p5.py,point7_full_archive,point7_work/p7_p64_0p5.py,0767e668e4a1fc67af4d3e894a9c49913bae8f0402325152f7eafb2700ff697a,0767e668e4a1fc67af4d3e894a9c49913bae8f0402325152f7eafb2700ff697a,exact_byte_copy
point7_exact_bz/point7_work/p7_p64_0p8.log,point7_full_archive,point7_work/p7_p64_0p8.log,34f7b155d259b57ed69bf7961f033184c8c0c90bf37dc4b3d12838e0b53e929d,34f7b155d259b57ed69bf7961f033184c8c0c90bf37dc4b3d12838e0b53e929d,exact_byte_copy
point7_exact_bz/point7_work/p7_p64_0p8.py,point7_full_archive,point7_work/p7_p64_0p8.py,b29253809e51ee679fd086d3973257e0fa3d5edb64a80f00ef66076fdf0fcb6a,b29253809e51ee679fd086d3973257e0fa3d5edb64a80f00ef66076fdf0fcb6a,exact_byte_copy
point7_exact_bz/point7_work/p7_p64_1p0.log,point7_full_archive,point7_work/p7_p64_1p0.log,897aab7ebe8ab0272e224632eb301d8bef9574a8c10cbde82726693dd1e71453,897aab7ebe8ab0272e224632eb301d8bef9574a8c10cbde82726693dd1e71453,exact_byte_copy
point7_exact_bz/point7_work/p7_p64_1p0.py,point7_full_archive,point7_work/p7_p64_1p0.py,e1c09a415ebee7334d3359fd800939a22f97866c5cd16911b3912d8d5974e116,e1c09a415ebee7334d3359fd800939a22f97866c5cd16911b3912d8d5974e116,exact_byte_copy
point7_exact_bz/point7_work/p7_p64_1p3.log,point7_full_archive,point7_work/p7_p64_1p3.log,63fab99e8dabc9e1afcf969e190b3f7f132128c2d5712310c32fdd1c03679f2c,63fab99e8dabc9e1afcf969e190b3f7f132128c2d5712310c32fdd1c03679f2c,exact_byte_copy
point7_exact_bz/point7_work/p7_p64_1p3.py,point7_full_archive,point7_work/p7_p64_1p3.py,e282e3ed8eb08df9f0b56a10892880efacbc38d6911adfdc365dd4103670de6f,e282e3ed8eb08df9f0b56a10892880efacbc38d6911adfdc365dd4103670de6f,exact_byte_copy
point7_exact_bz/point7_work/p7_p64_1p6.log,point7_full_archive,point7_work/p7_p64_1p6.log,80812a5e3841aacc023120a08fc62a36fb9887bb0d8cdd52ffc3210a245b7fef,80812a5e3841aacc023120a08fc62a36fb9887bb0d8cdd52ffc3210a245b7fef,exact_byte_copy
point7_exact_bz/point7_work/p7_p64_1p6.py,point7_full_archive,point7_work/p7_p64_1p6.py,bdb70830746e7e6567f11305f06fd03c418b1d44a98f7f2faa0c6e4aab108cf9,bdb70830746e7e6567f11305f06fd03c418b1d44a98f7f2faa0c6e4aab108cf9,exact_byte_copy
point7_exact_bz/point7_work/p7_p64_1p9.log,point7_full_archive,point7_work/p7_p64_1p9.log,f9a059c8face90f4f6c9baa5d8683e52769a5cd1a455cfec10d83f8e37405c85,f9a059c8face90f4f6c9baa5d8683e52769a5cd1a455cfec10d83f8e37405c85,exact_byte_copy
point7_exact_bz/point7_work/p7_p64_1p9.py,point7_full_archive,point7_work/p7_p64_1p9.py,1a6d34f77528961a9436c3159af35b0efe228809755b096fc2deee49c0f5134a,1a6d34f77528961a9436c3159af35b0efe228809755b096fc2deee49c0f5134a,exact_byte_copy
point7_exact_bz/point7_work/p7_p64_2p1.log,point7_full_archive,point7_work/p7_p64_2p1.log,aa1be0631de4c822b4e38284785d95c73f9ae35ee8b988bd2264fb4b1058f820,aa1be0631de4c822b4e38284785d95c73f9ae35ee8b988bd2264fb4b1058f820,exact_byte_copy
point7_exact_bz/point7_work/p7_p64_2p1.py,point7_full_archive,point7_work/p7_p64_2p1.py,4464c2fe333741143ba7cc1ecb4b1b31df078c8f1f030169f0b19f194b8f82c2,4464c2fe333741143ba7cc1ecb4b1b31df078c8f1f030169f0b19f194b8f82c2,exact_byte_copy
point7_exact_bz/point7_work/p7_p64_2p25.log,point7_full_archive,point7_work/p7_p64_2p25.log,6ea43a9a475a33980a452ce0ff98e536ca1ffcf716ac4049b78465e39aa76d9d,6ea43a9a475a33980a452ce0ff98e536ca1ffcf716ac4049b78465e39aa76d9d,exact_byte_copy
point7_exact_bz/point7_work/p7_p64_2p25.py,point7_full_archive,point7_work/p7_p64_2p25.py,0e9d1284800cd1db15b1b656aae42a2bfc24e30769e2a6294b668745b93366e9,0e9d1284800cd1db15b1b656aae42a2bfc24e30769e2a6294b668745b93366e9,exact_byte_copy
point7_exact_bz/point7_work/p7_p64_2p35.log,point7_full_archive,point7_work/p7_p64_2p35.log,8e48e9c78aac8c0c22159497df5c9c926921066b54ae3b2159df2106665110f8,8e48e9c78aac8c0c22159497df5c9c926921066b54ae3b2159df2106665110f8,exact_byte_copy
point7_exact_bz/point7_work/p7_p64_2p35.py,point7_full_archive,point7_work/p7_p64_2p35.py,f42eb90c9be40c282ad7b42bb38ff66bbabe215db7a7abedd8c7225213cee43a,f42eb90c9be40c282ad7b42bb38ff66bbabe215db7a7abedd8c7225213cee43a,exact_byte_copy
point7_exact_bz/point7_work/p7_p64_2p42.log,point7_full_archive,point7_work/p7_p64_2p42.log,d5d662f83e5930b06212cb5015cf92ca4fe412e6ed891391b854c0834400bd03,d5d662f83e5930b06212cb5015cf92ca4fe412e6ed891391b854c0834400bd03,exact_byte_copy
point7_exact_bz/point7_work/p7_p64_2p42.py,point7_full_archive,point7_work/p7_p64_2p42.py,92201de813997b15ff0f4a99c2cce047e97a4ec91ae15040dafa30fa28a9c67b,92201de813997b15ff0f4a99c2cce047e97a4ec91ae15040dafa30fa28a9c67b,exact_byte_copy
point7_exact_bz/point7_work/p7_p64_2p48.log,point7_full_archive,point7_work/p7_p64_2p48.log,cc470027fe4518e2693cb51b17d47ba13c8a5aa7b0a66c03e96a14b4aeb13c6b,cc470027fe4518e2693cb51b17d47ba13c8a5aa7b0a66c03e96a14b4aeb13c6b,exact_byte_copy
point7_exact_bz/point7_work/p7_p64_2p48.py,point7_full_archive,point7_work/p7_p64_2p48.py,7a1fd09acd9b5f6ca6602a6964895e6243de643e5d20b56bb68f52f8ad20f7f2,7a1fd09acd9b5f6ca6602a6964895e6243de643e5d20b56bb68f52f8ad20f7f2,exact_byte_copy
point7_exact_bz/point7_work/p7_p64_2p5.log,point7_full_archive,point7_work/p7_p64_2p5.log,896dadaf9dd226a098faa1cd0a207d78d05f7dca6950c62fe67d032bc7e99a29,896dadaf9dd226a098faa1cd0a207d78d05f7dca6950c62fe67d032bc7e99a29,exact_byte_copy
point7_exact_bz/point7_work/p7_p64_2p5.py,point7_full_archive,point7_work/p7_p64_2p5.py,242343217f98bcc8f2cc5a783b4ecea31759adf247878942d6c09e47f45a2faf,242343217f98bcc8f2cc5a783b4ecea31759adf247878942d6c09e47f45a2faf,exact_byte_copy
point7_exact_bz/point7_work/p7_p64_2p54.log,point7_full_archive,point7_work/p7_p64_2p54.log,b0af6d8882a2c31ce24ed00294069440d4320ce3103b48cfc7c81b802b47650d,b0af6d8882a2c31ce24ed00294069440d4320ce3103b48cfc7c81b802b47650d,exact_byte_copy
point7_exact_bz/point7_work/p7_p64_2p54.py,point7_full_archive,point7_work/p7_p64_2p54.py,5a21cafcfe6e433c8bb6be813fe71ed18b3b0b61dca2e0263cfe40e78ab6f92f,5a21cafcfe6e433c8bb6be813fe71ed18b3b0b61dca2e0263cfe40e78ab6f92f,exact_byte_copy
point7_exact_bz/point7_work/point7_exact_bz_anchors.csv,point7_full_archive,point7_work/point7_exact_bz_anchors.csv,22f4f30019c321424344d9a448e26d3b49a6562f40cb31dc8f44380198cc24ec,22f4f30019c321424344d9a448e26d3b49a6562f40cb31dc8f44380198cc24ec,exact_byte_copy
point7_exact_bz/point7_work/point7_exact_bz_anchors.npz,point7_full_archive,point7_work/point7_exact_bz_anchors.npz,a5814b76f333976d32ab98804ef23c8892921b698e049ce359a06b3f5ba65848,a5814b76f333976d32ab98804ef23c8892921b698e049ce359a06b3f5ba65848,exact_byte_copy
point7_exact_bz/point7_work/point7_exact_bz_continuum_13anchors.csv,point7_full_archive,point7_work/point7_exact_bz_continuum_13anchors.csv,2f9dba1573a29dec946d6f160a06233d52f24c0501f8f6e63ff0faf9c30c8c11,2f9dba1573a29dec946d6f160a06233d52f24c0501f8f6e63ff0faf9c30c8c11,exact_byte_copy
point7_exact_bz/point7_work/point7_exact_bz_continuum_13anchors.npz,point7_full_archive,point7_work/point7_exact_bz_continuum_13anchors.npz,53016582d976059a4fe76d5db1e418f31242c725b9c6ca3a1d2e6559e55080d9,53016582d976059a4fe76d5db1e418f31242c725b9c6ca3a1d2e6559e55080d9,exact_byte_copy
point7_exact_bz/point7_work/point7_fig2_anchor_audit.md,point7_full_archive,point7_work/point7_fig2_anchor_audit.md,b358c97a300236c5f66897d9e0a3ce515a6153ebefa6d34ae30ebc4bfa34fe16,b358c97a300236c5f66897d9e0a3ce515a6153ebefa6d34ae30ebc4bfa34fe16,exact_byte_copy
point7_exact_bz/point7_work/point7_source_provenance.json,repo_hardening_generated,,,ba5e4b67cee5fb002b183525ab0508cd0a47480096a3c80f7f999ecbce23c747,regenerated_with_repo_relative_paths
point7_exact_bz/point7_work/point7_splh_bz_comparison.csv,point7_full_archive,point7_work/point7_splh_bz_comparison.csv,d1b72b027dba929042dc25900f80a1016059fdd691636b57dc19b5fa2136c0ae,d1b72b027dba929042dc25900f80a1016059fdd691636b57dc19b5fa2136c0ae,exact_byte_copy
point7_exact_bz/point7_work/point7_splh_bz_comparison.npz,point7_full_archive,point7_work/point7_splh_bz_comparison.npz,9b8dbb068785e864373ca23109d6d0f2843ee05ef11f55d8fb93143f5c900346,9b8dbb068785e864373ca23109d6d0f2843ee05ef11f55d8fb93143f5c900346,exact_byte_copy
point7_exact_bz/point7_work/provenance/original_archive/fig2_original.log,point7_full_archive,point7_work/fig2.log,b875ccda013983944f244114a615193c583abee4e6a4994eceec802bec47f197,b875ccda013983944f244114a615193c583abee4e6a4994eceec802bec47f197,exact_byte_copy
point7_exact_bz/point7_work/provenance/original_archive/point7_full_provenance_original.json,point7_full_archive,point7_work/point7_full_provenance.json,fef90b72e469de3c402fd0f58cb572cfaf3701a35c05f1c120e73e914d1bbbdb,fef90b72e469de3c402fd0f58cb572cfaf3701a35c05f1c120e73e914d1bbbdb,exact_byte_copy
point7_exact_bz/point7_work/publication_figures_point7/Fig2_BZ_anchor_data_POINT7.csv,point7_full_archive,point7_work/publication_figures_point7/Fig2_BZ_anchor_data_POINT7.csv,c3907937aab9b8f374146d3ffe3688c11b4c376d0dde0ec5223559f378d7fd01,c3907937aab9b8f374146d3ffe3688c11b4c376d0dde0ec5223559f378d7fd01,exact_byte_copy
point7_exact_bz/point7_work/publication_figures_point7/Fig2_before_caustic_POINT7.pdf,point7_full_archive,point7_work/publication_figures_point7/Fig2_before_caustic_POINT7.pdf,5b933f0c0873c8df883c1b34d90fdaebb98071e5eac395ecbfa94e10daf26d50,5b933f0c0873c8df883c1b34d90fdaebb98071e5eac395ecbfa94e10daf26d50,exact_byte_copy
point7_exact_bz/point7_work/publication_figures_point7/Fig2_before_caustic_POINT7.png,point7_full_archive,point7_work/publication_figures_point7/Fig2_before_caustic_POINT7.png,446a6370e210737bb313e20a36e4f688985b03b378afdeb94bc9f6f78efb932a,446a6370e210737bb313e20a36e4f688985b03b378afdeb94bc9f6f78efb932a,exact_byte_copy
point7_exact_bz/point7_work/run_point7_exact_P64.py,point7_full_archive,point7_work/run_point7_exact_P64.py,3062fe0cdb62732b09135345e13b43db5b49eef24c30f0dbcad00a157d6c72d6,3062fe0cdb62732b09135345e13b43db5b49eef24c30f0dbcad00a157d6c72d6,exact_byte_copy
point7_exact_bz/point7_work/run_point7_exact_bz_continuum.py,point7_full_archive,point7_work/run_point7_exact_bz_continuum.py,59157b75e007cb0a48e208b0464ec51bf00296edae7d40c59eafb2b07b2c47b3,59157b75e007cb0a48e208b0464ec51bf00296edae7d40c59eafb2b07b2c47b3,exact_byte_copy
point7_exact_bz/point7_work/run_point7_splh_bz_comparison.py,point7_full_archive,point7_work/run_point7_splh_bz_comparison.py,07653d58b12ccaca923a1d8c32e7b338096202c0bead8312882a49dc2d477515,07653d58b12ccaca923a1d8c32e7b338096202c0bead8312882a49dc2d477515,exact_byte_copy
point7_exact_bz/point7_work/source_snapshots/legacy_lha12c0a_exact_P64_multibeta_converged.csv,point7_full_archive,point7_work/source_snapshots/legacy_lha12c0a_exact_P64_multibeta_converged.csv,935aab4df42f8e28b722630bf7ba91adda763f638a8f70070be6270105278c6c,935aab4df42f8e28b722630bf7ba91adda763f638a8f70070be6270105278c6c,exact_byte_copy
point7_exact_bz/point7_work/source_snapshots/legacy_lha12c2a_harmonized_density_comparison.csv,point7_full_archive,point7_work/source_snapshots/legacy_lha12c2a_harmonized_density_comparison.csv,5dcfa318b3d8239f24aec52b2871600fe72eef0bea0f793564f09f84362d4fd0,5dcfa318b3d8239f24aec52b2871600fe72eef0bea0f793564f09f84362d4fd0,exact_byte_copy
point7_exact_bz/point7_work/source_snapshots/lha12a1_exact_bz_density_reference.py,point7_full_archive,point7_work/source_snapshots/lha12a1_exact_bz_density_reference.py,e4702a41342823b17ffb34826ceb00a82dca52705d9008ec42055e2866851725,e4702a41342823b17ffb34826ceb00a82dca52705d9008ec42055e2866851725,exact_byte_copy
point7_exact_bz/point7_work/source_snapshots/lha12c0a_exact_P64_multibeta_converged.py,point7_full_archive,point7_work/source_snapshots/lha12c0a_exact_P64_multibeta_converged.py,fa7a95ea22892b1050386fdf4492ccfbf5295b23f3f01387aa9d946661fbb01c,fa7a95ea22892b1050386fdf4492ccfbf5295b23f3f01387aa9d946661fbb01c,exact_byte_copy
point7_exact_bz/point7_work/source_snapshots/lha12c2a_harmonized_density_comparison.py,point7_full_archive,point7_work/source_snapshots/lha12c2a_harmonized_density_comparison.py,afb3d6de047f3e235e7a3ad1a5b422864dcb5982fbc904f445ebcbe26aaba884,afb3d6de047f3e235e7a3ad1a5b422864dcb5982fbc904f445ebcbe26aaba884,exact_byte_copy
point7_exact_bz/point7_work/source_snapshots/p2c_make_figure2_before_caustic.py,point7_full_archive,point7_work/source_snapshots/p2c_make_figure2_before_caustic.py,7868a1b7b545b502124f83da7c2d1d4ed2df794bf95491df4e1bd36c6181057d,7868a1b7b545b502124f83da7c2d1d4ed2df794bf95491df4e1bd36c6181057d,exact_byte_copy
point7_exact_bz/point7_work/splh.log,point7_full_archive,point7_work/splh.log,c26936e98fd6769755ba6c0ddbec8d59bf2306387b3b3d531902874bbbf6745f,c26936e98fd6769755ba6c0ddbec8d59bf2306387b3b3d531902874bbbf6745f,exact_byte_copy
provenance/MANUSCRIPT_REFERENCE_FREEZE_v6_3_3.md,v6.3.3_submission_candidate,V6_3_3_SUBMISSION_CANDIDATE_AUDIT_2026-09-08.md,b9a58be04ff3fc94a104307aceb8bb5632368cbdd9e251b3864197140e63a805,a0d96216c08c7126b5da9fe47db82ad66e220a2090f4f1cde649a22536894e62,derived_from_v6.3.3_submission_audit_with_repository_context_note
provenance/OMITTED_LARGE_DATA.csv,repo_hardening_generated,,,b73dcbcaa7f13f8ede48f8aba3e92fa05fd3b08e46f0512ad3907b1eeb232e6d,generated_or_modified_during_public_repo_hardening
provenance/REPO_AUDIT_2026-09-08.md,repo_hardening_generated,,,6cc417107bcd6f1a1386a907a6aa8e5f27a98a213f77e3e55f3606f1c1cdaae5,generated_or_modified_during_public_repo_hardening
provenance/REPRODUCTION_AUDIT_RESULTS_2026-09-08.md,repo_hardening_generated,,,e8eb1859e5be6a1385f98ad413a754af833a040c3b4aaa0dfc26859efe59352c,generated_or_modified_during_public_repo_hardening
provenance/SOURCE_COLLECTION.md,repo_hardening_generated,,,444ab1add627045f4ec63a15469f39b30964ecb7eef8f11a1366cf38468038b0,generated_or_modified_during_public_repo_hardening
pyproject.toml,repo_hardening_generated,,,3dceffd5d254e167c5d97642da250c70c4690cdea5ff9618733e62228c89abb9,generated_or_modified_during_public_repo_hardening
requirements-lock.txt,repo_hardening_generated,,,7b4391e0e671720087172d1c214f8a40334c23959759215e644a7dc0fa5c9228,generated_or_modified_during_public_repo_hardening
requirements.txt,codex_curated_bundle,requirements.txt,c9ca8eeadb5a04778592a57bd12bc526b8cf8c7876feaa33a5d0582bdd11dc08,c9ca8eeadb5a04778592a57bd12bc526b8cf8c7876feaa33a5d0582bdd11dc08,exact_byte_copy
secVIII/configs/two_body/landscape_scan_config_v2_P256_matched.json,codex_curated_bundle,secVIII/configs/two_body/landscape_scan_config_v2_P256_matched.json,9d7779ad7da3554fda7118b645547d7b251141286e738afc5f5254cfc2163719,9d7779ad7da3554fda7118b645547d7b251141286e738afc5f5254cfc2163719,exact_byte_copy
secVIII/lha15a0_pair_stability_field_TB03.py,codex_curated_bundle,secVIII/lha15a0_pair_stability_field_TB03.py,f423834e37c640bf855e799e75080a34cc0fa2dd21a90dd0390390efb719d926,f423834e37c640bf855e799e75080a34cc0fa2dd21a90dd0390390efb719d926,exact_byte_copy
secVIII/results/tb03_aggregate.csv,codex_curated_bundle,secVIII/results/tb03_aggregate.csv,b5ccf30d7637828f652ea93e75aa8c7b430ced90096f53637886f24df33413f7,b5ccf30d7637828f652ea93e75aa8c7b430ced90096f53637886f24df33413f7,exact_byte_copy
secVIII/results/tb03_decision.json,codex_curated_bundle,secVIII/results/tb03_decision.json,0a919662cabe9089d3814245fda78ace34d5e1ee123c641778be90ba8605dd08,0a919662cabe9089d3814245fda78ace34d5e1ee123c641778be90ba8605dd08,exact_byte_copy
secVIII/results/tb03_per_seed.csv,codex_curated_bundle,secVIII/results/tb03_per_seed.csv,6a8247481fb7b99ba0ae78e99351c3c9ed375a8ec3ba8bf40ddd18e163f9bb40,6a8247481fb7b99ba0ae78e99351c3c9ed375a8ec3ba8bf40ddd18e163f9bb40,exact_byte_copy
secVIII/run_tb03_pinv_ladder.py,codex_curated_bundle,secVIII/run_tb03_pinv_ladder.py,63de5e2ba07f577a00627f22b28686ba1c9f57b66c5a5deee01411d99db8697b,63de5e2ba07f577a00627f22b28686ba1c9f57b66c5a5deee01411d99db8697b,exact_byte_copy
validation/CLASSICAL_BASELINE_AUDIT_2026-09-08.md,v6.3.3_submission_candidate,validation/CLASSICAL_BASELINE_AUDIT_2026-09-08.md,05872f74ad82adf75d449638db4f072b3087fa5d6df3d0c7caad58e35c01e596,05872f74ad82adf75d449638db4f072b3087fa5d6df3d0c7caad58e35c01e596,exact_byte_copy
validation/DOUBLEWELL_CONVENTION_PROVENANCE_AUDIT_2026-09-08.md,v6.3.3_submission_candidate,validation/DOUBLEWELL_CONVENTION_PROVENANCE_AUDIT_2026-09-08.md,0f7bcd0fa2608b8f9096925c3d1875b17de50b149cf7c64fc45a30aec6ae6582,0f7bcd0fa2608b8f9096925c3d1875b17de50b149cf7c64fc45a30aec6ae6582,exact_byte_copy
validation/MAPPED_ENERGY_ORIGIN_AUDIT_2026-09-08.md,v6.3.3_submission_candidate,validation/MAPPED_ENERGY_ORIGIN_AUDIT_2026-09-08.md,49bd732e16bcd4df2cebd026fc6ddceaf2181b7bab198e25bcec7042655a1eec,49bd732e16bcd4df2cebd026fc6ddceaf2181b7bab198e25bcec7042655a1eec,exact_byte_copy
validation/POINT6_VARIANCE_CORRECTION_AUDIT_2026-09-08.md,v6.3.3_submission_candidate,validation/POINT6_VARIANCE_CORRECTION_AUDIT_2026-09-08.md,9b7dc349efd2c0ac5ab5946ef59718e09503392623bd45d81b0a48d117c456e6,9b7dc349efd2c0ac5ab5946ef59718e09503392623bd45d81b0a48d117c456e6,exact_byte_copy
validation/STAGE_INDEPENDENCE_AUDIT_2026-09-08.md,v6.3.3_submission_candidate,validation/STAGE_INDEPENDENCE_AUDIT_2026-09-08.md,c53d7a3ef0cdbc9df469cc7a2cc3440fc2e19f1f8b875975954a7602574d5c2c,c53d7a3ef0cdbc9df469cc7a2cc3440fc2e19f1f8b875975954a7602574d5c2c,exact_byte_copy
validation/THREE_STAGE_DOUBLEWELL_GATE_AUDIT_2026-09-08.md,v6.3.3_submission_candidate,validation/THREE_STAGE_DOUBLEWELL_GATE_AUDIT_2026-09-08.md,09fea837c09ba36b05f93f9c178974987e79d15cb23fb75719b194d8dd4e6536,09fea837c09ba36b05f93f9c178974987e79d15cb23fb75719b194d8dd4e6536,exact_byte_copy
validation/blk_exact_v62.py,v6.3.3_submission_candidate,validation/blk_exact_v62.py,0f44bb2df0bf16d1aa7a83a918207102068947eb174b0165005a2be207480d4a,0f44bb2df0bf16d1aa7a83a918207102068947eb174b0165005a2be207480d4a,exact_byte_copy
validation/blk_exact_v62_results.npy,v6.3.3_submission_candidate,validation/blk_exact_v62_results.npy,97dd3968e3025e87e48fa40fe5ebeaf75f27b943939770550cee3b616ffe7e55,97dd3968e3025e87e48fa40fe5ebeaf75f27b943939770550cee3b616ffe7e55,exact_byte_copy
validation/blk_exact_v62_results.txt,v6.3.3_submission_candidate,validation/blk_exact_v62_results.txt,94bc01b968273fefac8d5c37f56db3346add027ac3ecf04a0e742838fb9dc643,94bc01b968273fefac8d5c37f56db3346add027ac3ecf04a0e742838fb9dc643,exact_byte_copy
validation/doublewell_convention_spectral_check.csv,v6.3.3_submission_candidate,validation/doublewell_convention_spectral_check.csv,cf7be9adbe85e78ec9a604accf492986455b6489c02afcb7ee2c47c19e2accb4,cf7be9adbe85e78ec9a604accf492986455b6489c02afcb7ee2c47c19e2accb4,exact_byte_copy
validation/point6_l1_noise_floor_summary_variance_corrected.csv,v6.3.3_submission_candidate,validation/point6_l1_noise_floor_summary_variance_corrected.csv,01cf81aa142ed92607dda76e3468a89b0ae840882558645e1d61bf72577a768a,01cf81aa142ed92607dda76e3468a89b0ae840882558645e1d61bf72577a768a,exact_byte_copy
validation/point6_l1_null_bootstrap_variance_corrected.npz,v6.3.3_submission_candidate,validation/point6_l1_null_bootstrap_variance_corrected.npz,177164e67e8ea8347fa6573f3cfa2efb709e15cef0062315f5686eed79f3385c,177164e67e8ea8347fa6573f3cfa2efb709e15cef0062315f5686eed79f3385c,exact_byte_copy
validation/point6_residual_variance_corrected.py,repo_hardening_generated,,,f49926f613f7a6efc42a1f13e020bfba7c07e0c153a1035e9c6191b70aca57aa,generated_or_modified_during_public_repo_hardening
validation/stage_independence_corrected.py,v6.3.3_submission_candidate,validation/stage_independence_corrected.py,43a31fcee1e6f97869f6add02f08b4be1f1d1dbb2c690a7bee8955a0d264c877,43a31fcee1e6f97869f6add02f08b4be1f1d1dbb2c690a7bee8955a0d264c877,exact_byte_copy
validation/stage_independence_corrected_results.txt,v6.3.3_submission_candidate,validation/stage_independence_corrected_results.txt,6e6e2a9d7fcba4d0e0ae76b572cb3e0b26874c13b4fcddf5835cdbd17e256e75,6e6e2a9d7fcba4d0e0ae76b572cb3e0b26874c13b4fcddf5835cdbd17e256e75,exact_byte_copy
validation/three_stage_doublewell_energy_origin_sensitivity.csv,v6.3.3_submission_candidate,validation/three_stage_doublewell_energy_origin_sensitivity.csv,865127dc7210bc3749efdb5acc23c2c1b241a847770ecfdd88d46305a398e678,865127dc7210bc3749efdb5acc23c2c1b241a847770ecfdd88d46305a398e678,exact_byte_copy
validation/three_stage_doublewell_energy_origin_sensitivity.py,v6.3.3_submission_candidate,validation/three_stage_doublewell_energy_origin_sensitivity.py,d5d0c3e511d7dc4e0b0475b7de1073e39c3606f1a59bff76b397d5ce41db7258,d5d0c3e511d7dc4e0b0475b7de1073e39c3606f1a59bff76b397d5ce41db7258,exact_byte_copy
validation/three_stage_doublewell_gate_preliminary.csv,v6.3.3_submission_candidate,validation/three_stage_doublewell_gate_preliminary.csv,a8e581f9372499468a5ac3c62fbcc45b1081253bb509d01d443ad9e585b18391,a8e581f9372499468a5ac3c62fbcc45b1081253bb509d01d443ad9e585b18391,exact_byte_copy
validation/three_stage_doublewell_gate_v63.csv,v6.3.3_submission_candidate,validation/three_stage_doublewell_gate_v63.csv,993f81713a1295c71cf106b6547c6d89eb96a393e1f78c8837f8746e06f3c6ec,993f81713a1295c71cf106b6547c6d89eb96a393e1f78c8837f8746e06f3c6ec,exact_byte_copy
validation/three_stage_doublewell_gate_v63.py,v6.3.3_submission_candidate,validation/three_stage_doublewell_gate_v63.py,63422773519e6028babe08ce94cc28b366c32c35300b4c2927e01a57e0bd72d6,63422773519e6028babe08ce94cc28b366c32c35300b4c2927e01a57e0bd72d6,exact_byte_copy
validation/three_stage_doublewell_gate_v63_convergence.json,v6.3.3_submission_candidate,validation/three_stage_doublewell_gate_v63_convergence.json,c7567c6b321a77191ec9239d400f35dccd52a31570911e5704a811b355cbf89c,c7567c6b321a77191ec9239d400f35dccd52a31570911e5704a811b355cbf89c,exact_byte_copy
validation/triangular_classical_baseline.csv,v6.3.3_submission_candidate,validation/triangular_classical_baseline.csv,ba23501071ffd7753db36a3fa54785be81aa23c26c95410666263c6f1dd8ab2e,ba23501071ffd7753db36a3fa54785be81aa23c26c95410666263c6f1dd8ab2e,exact_byte_copy
validation_tests/caustic_diagnostic.py,codex_curated_bundle,validation_tests/caustic_diagnostic.py,c2bb02fad6f86ec9bfcdcd4ea7100e476cd162e67777bf1333675ab1a93d3b4a,c2bb02fad6f86ec9bfcdcd4ea7100e476cd162e67777bf1333675ab1a93d3b4a,exact_byte_copy
validation_tests/collapse_test.csv,codex_curated_bundle,validation_tests/collapse_test.csv,77179a9a7e7f5f5ddeae1b6717e518d7c9c4e4ca3e1659df9fc65a13c1e6677f,77179a9a7e7f5f5ddeae1b6717e518d7c9c4e4ca3e1659df9fc65a13c1e6677f,exact_byte_copy
validation_tests/collapse_test.py,codex_curated_bundle,validation_tests/collapse_test.py,076d0b110f7a89d91578d5eff7702fcc766afdb3e33dd942df146a15598915f1,076d0b110f7a89d91578d5eff7702fcc766afdb3e33dd942df146a15598915f1,exact_byte_copy
validation_tests/lha10d1_anisotropic_harmonic_2d.csv,codex_curated_bundle,validation_tests/lha10d1_anisotropic_harmonic_2d.csv,b8bd94bae47381afbb74c1b3c8525f7a07fc7abc18f567ce2001a1dc1f3c722d,b8bd94bae47381afbb74c1b3c8525f7a07fc7abc18f567ce2001a1dc1f3c722d,exact_byte_copy
validation_tests/lha10d1_anisotropic_harmonic_2d.py,codex_curated_bundle,validation_tests/lha10d1_anisotropic_harmonic_2d.py,b69482c94e54dc951730417323e6d7b17a5dfbf7c74821218587d3051f91a9d1,b69482c94e54dc951730417323e6d7b17a5dfbf7c74821218587d3051f91a9d1,exact_byte_copy
validation_tests/lha10d2_negative_curvature_caustic.csv,codex_curated_bundle,validation_tests/lha10d2_negative_curvature_caustic.csv,9dc188f47f2fd2e289ac7bb67702890aa6f27ac9ccfe88e73ef988f1b5a56a36,9dc188f47f2fd2e289ac7bb67702890aa6f27ac9ccfe88e73ef988f1b5a56a36,exact_byte_copy
validation_tests/lha10d2_negative_curvature_caustic.py,codex_curated_bundle,validation_tests/lha10d2_negative_curvature_caustic.py,93ab33d848da1e53482751437540d34a11bc3ac6e01829fcfe1436a6fec1c2da,93ab33d848da1e53482751437540d34a11bc3ac6e01829fcfe1436a6fec1c2da,exact_byte_copy
validation_tests/lha10d3_global_double_well_caustic.csv,codex_curated_bundle,validation_tests/lha10d3_global_double_well_caustic.csv,fa0dccd6430abf999e6ae65ab92298664c774f410aaa04f9872a1fab87aeaf91,fa0dccd6430abf999e6ae65ab92298664c774f410aaa04f9872a1fab87aeaf91,exact_byte_copy
validation_tests/lha10d3_global_double_well_caustic.pdf,codex_curated_bundle,validation_tests/lha10d3_global_double_well_caustic.pdf,1228899a31210553bed95b5b5fbf9ad7d32112262545c00323a3a6433ee9d1aa,1228899a31210553bed95b5b5fbf9ad7d32112262545c00323a3a6433ee9d1aa,exact_byte_copy
validation_tests/lha10d3_global_double_well_caustic.png,codex_curated_bundle,validation_tests/lha10d3_global_double_well_caustic.png,4cbf416f4754a22452424efc6d5b17a2898d3ed760c29b70a1aac69ddadc4318,4cbf416f4754a22452424efc6d5b17a2898d3ed760c29b70a1aac69ddadc4318,exact_byte_copy
validation_tests/lha10d3_global_double_well_caustic.py,codex_curated_bundle,validation_tests/lha10d3_global_double_well_caustic.py,5502f2025072b09e1aad0a379ec25c9ecf07487093678e966a5b93385e9ff4f0,5502f2025072b09e1aad0a379ec25c9ecf07487093678e966a5b93385e9ff4f0,exact_byte_copy
validation_tests/lha10d4_rotated_2d_stabilized_saddle.csv,codex_curated_bundle,validation_tests/lha10d4_rotated_2d_stabilized_saddle.csv,69a75a569c69a406ccc8cadbfc322a0ba6f3d4796f427b2403f0587fef1ba54f,69a75a569c69a406ccc8cadbfc322a0ba6f3d4796f427b2403f0587fef1ba54f,exact_byte_copy
validation_tests/lha10d4_rotated_2d_stabilized_saddle.pdf,codex_curated_bundle,validation_tests/lha10d4_rotated_2d_stabilized_saddle.pdf,344a2d8c48b289966847dadc97c80278e25794ad453c5bd8225627c35d957423,344a2d8c48b289966847dadc97c80278e25794ad453c5bd8225627c35d957423,exact_byte_copy
validation_tests/lha10d4_rotated_2d_stabilized_saddle.png,codex_curated_bundle,validation_tests/lha10d4_rotated_2d_stabilized_saddle.png,05376642ec95248639a50a48d26b926121a8429d72bc2c694b0461ffe8184a05,05376642ec95248639a50a48d26b926121a8429d72bc2c694b0461ffe8184a05,exact_byte_copy
validation_tests/lha10d4_rotated_2d_stabilized_saddle.py,codex_curated_bundle,validation_tests/lha10d4_rotated_2d_stabilized_saddle.py,fbb39a4e9056a59d41e4ce08d9810b53f3cc2794071354db1286c3538fcbd607,fbb39a4e9056a59d41e4ce08d9810b53f3cc2794071354db1286c3538fcbd607,exact_byte_copy
validation_tests/lha11a_invalid_fraction_vs_beta.pdf,codex_curated_bundle,validation_tests/lha11a_invalid_fraction_vs_beta.pdf,fdce26de4beabc891ae7bf209a87192320d92dac928567e90f92046652e8c8d4,fdce26de4beabc891ae7bf209a87192320d92dac928567e90f92046652e8c8d4,exact_byte_copy
validation_tests/lha11a_invalid_fraction_vs_beta.png,codex_curated_bundle,validation_tests/lha11a_invalid_fraction_vs_beta.png,31e31752ae01d0bf6bc68cce57055aebb785a7b9824d54656b67d1f599c44b2d,31e31752ae01d0bf6bc68cce57055aebb785a7b9824d54656b67d1f599c44b2d,exact_byte_copy
validation_tests/lha11a_periodic_geometry.npz,codex_curated_bundle,validation_tests/lha11a_periodic_geometry.npz,f133cc3ca00b7baa1439b921490b165aabf9fe5c2f0e3fd4b20a58e52256087f,f133cc3ca00b7baa1439b921490b165aabf9fe5c2f0e3fd4b20a58e52256087f,exact_byte_copy
validation_tests/lha11a_periodic_geometry_stability.csv,codex_curated_bundle,validation_tests/lha11a_periodic_geometry_stability.csv,dca7340ce9543dc57ca2b9bf4863949dc74782ce60ddabdb1348df2d3a7feef3,dca7340ce9543dc57ca2b9bf4863949dc74782ce60ddabdb1348df2d3a7feef3,exact_byte_copy
validation_tests/lha11a_periodic_geometry_stability.py,codex_curated_bundle,validation_tests/lha11a_periodic_geometry_stability.py,379653ec97247220f82c0cd6697207b7c2c3bceecbca8870907fa1e6a69ff3a3,379653ec97247220f82c0cd6697207b7c2c3bceecbca8870907fa1e6a69ff3a3,exact_byte_copy
validation_tests/lha11a_periodic_stationary_points.csv,codex_curated_bundle,validation_tests/lha11a_periodic_stationary_points.csv,564a4adae35f2bd45f5347bb6cb4eb9060bf4e03acdde9a58d4d34010b21b551,564a4adae35f2bd45f5347bb6cb4eb9060bf4e03acdde9a58d4d34010b21b551,exact_byte_copy
validation_tests/lha11a_periodic_zeta_map.pdf,codex_curated_bundle,validation_tests/lha11a_periodic_zeta_map.pdf,b050191f582e02d9fe4f96ae5da3572589d20fb829fb7e16127d65decb2edc35,b050191f582e02d9fe4f96ae5da3572589d20fb829fb7e16127d65decb2edc35,exact_byte_copy
validation_tests/lha11a_periodic_zeta_map.png,codex_curated_bundle,validation_tests/lha11a_periodic_zeta_map.png,c000c601b1fdbc823a369746ead4ee1687a360b9f88247b027fcfa44009410ee,c000c601b1fdbc823a369746ead4ee1687a360b9f88247b027fcfa44009410ee,exact_byte_copy
validation_tests/lha11b1_exact_periodic_reference_K2_81.npz,codex_curated_bundle,validation_tests/lha11b1_exact_periodic_reference_K2_81.npz,9c32526bbe47a54e2b76d7ad28bed4b64010734ca703b76d1a482ea440c506a6,9c32526bbe47a54e2b76d7ad28bed4b64010734ca703b76d1a482ea440c506a6,exact_byte_copy
validation_tests/lha11b1_plane_wave_cutoff_convergence.csv,codex_curated_bundle,validation_tests/lha11b1_plane_wave_cutoff_convergence.csv,4e1da1b5f13474369ef0dba3978bfdc07db9b1d5f5b4c5a64b0cbb4234904d64,4e1da1b5f13474369ef0dba3978bfdc07db9b1d5f5b4c5a64b0cbb4234904d64,exact_byte_copy
validation_tests/lha11b1_plane_wave_cutoff_convergence.py,codex_curated_bundle,validation_tests/lha11b1_plane_wave_cutoff_convergence.py,758fa3734371572d974e3533b4823d5089520e4a4a66a863e2601c3fa5f967b2,758fa3734371572d974e3533b4823d5089520e4a4a66a863e2601c3fa5f967b2,exact_byte_copy
validation_tests/lha11b3_V_error_vs_beta.pdf,codex_curated_bundle,validation_tests/lha11b3_V_error_vs_beta.pdf,6a4fd75c2bad1f68c0fe1037829ff904819f61e4f077e349a5211c6351e475c4,6a4fd75c2bad1f68c0fe1037829ff904819f61e4f077e349a5211c6351e475c4,exact_byte_copy
validation_tests/lha11b3_V_error_vs_beta.png,codex_curated_bundle,validation_tests/lha11b3_V_error_vs_beta.png,7c7d922440142814861fa5d52ad41f7f3968673541dbc151fce05ae84e0ca26a,7c7d922440142814861fa5d52ad41f7f3968673541dbc151fce05ae84e0ca26a,exact_byte_copy
validation_tests/lha11b3_density_L1_vs_beta.pdf,codex_curated_bundle,validation_tests/lha11b3_density_L1_vs_beta.pdf,35f8688254b2ac146c74fad93081349f3b5118609c004154ed87347c42bbb32e,35f8688254b2ac146c74fad93081349f3b5118609c004154ed87347c42bbb32e,exact_byte_copy
validation_tests/lha11b3_density_L1_vs_beta.png,codex_curated_bundle,validation_tests/lha11b3_density_L1_vs_beta.png,fecc101af895227790657075a5f1de76fe37592f91526b954003d38d2211784c,fecc101af895227790657075a5f1de76fe37592f91526b954003d38d2211784c,exact_byte_copy
validation_tests/lha11b3_exact_qm_vs_tensor_rlh.csv,codex_curated_bundle,validation_tests/lha11b3_exact_qm_vs_tensor_rlh.csv,87b6c1736877399b1db91479a516cb5e39567a4be7abb1c497984913239e5ca4,87b6c1736877399b1db91479a516cb5e39567a4be7abb1c497984913239e5ca4,exact_byte_copy
validation_tests/lha11b3_exact_qm_vs_tensor_rlh.npz,codex_curated_bundle,validation_tests/lha11b3_exact_qm_vs_tensor_rlh.npz,4d18a5613df49f180aa864027c63bd793cbb0be6728e3216550e90b0748b6bc7,4d18a5613df49f180aa864027c63bd793cbb0be6728e3216550e90b0748b6bc7,exact_byte_copy
validation_tests/lha11b3_exact_qm_vs_tensor_rlh.py,codex_curated_bundle,validation_tests/lha11b3_exact_qm_vs_tensor_rlh.py,9fd77879b7d761f8aa1b27174b6014668b14585419e930efc28ab3e1b4ff77fc,9fd77879b7d761f8aa1b27174b6014668b14585419e930efc28ab3e1b4ff77fc,exact_byte_copy
validation_tests/lha11b4_L1_vs_zeta.pdf,codex_curated_bundle,validation_tests/lha11b4_L1_vs_zeta.pdf,f9ed7cf8d4573413daa504671a43b3266497eef6b4600cd5a49f330915c9178f,f9ed7cf8d4573413daa504671a43b3266497eef6b4600cd5a49f330915c9178f,exact_byte_copy
validation_tests/lha11b4_L1_vs_zeta.png,codex_curated_bundle,validation_tests/lha11b4_L1_vs_zeta.png,ff4894937333689c63ffb987dd72dba53b15147144d3f38fc080b09e6fbaa2cd,ff4894937333689c63ffb987dd72dba53b15147144d3f38fc080b09e6fbaa2cd,exact_byte_copy
validation_tests/lha11b4_V_error_vs_zeta.pdf,codex_curated_bundle,validation_tests/lha11b4_V_error_vs_zeta.pdf,06ead7743deb158ff11c1e66576d05f48bd925a9c4eca7adf19ab70c5650e69a,06ead7743deb158ff11c1e66576d05f48bd925a9c4eca7adf19ab70c5650e69a,exact_byte_copy
validation_tests/lha11b4_V_error_vs_zeta.png,codex_curated_bundle,validation_tests/lha11b4_V_error_vs_zeta.png,d4ba2fb270ebb706a40d9041fab550266f22e092326775f4a5b56d413ca88732,d4ba2fb270ebb706a40d9041fab550266f22e092326775f4a5b56d413ca88732,exact_byte_copy
validation_tests/lha11b4_dense_precaustic_scan.csv,codex_curated_bundle,validation_tests/lha11b4_dense_precaustic_scan.csv,7e42bda5d63a408de5b41702d03f69dec040d1097f7826d1908e6017fda728bf,7e42bda5d63a408de5b41702d03f69dec040d1097f7826d1908e6017fda728bf,exact_byte_copy
validation_tests/lha11b4_dense_precaustic_scan.py,codex_curated_bundle,validation_tests/lha11b4_dense_precaustic_scan.py,d4b25a1e82a4b718ae76551b826d5d704c4c125a18098108a00d044fdee4377a,d4b25a1e82a4b718ae76551b826d5d704c4c125a18098108a00d044fdee4377a,exact_byte_copy
validation_tests/lha11b4_high_symmetry_ratios.pdf,codex_curated_bundle,validation_tests/lha11b4_high_symmetry_ratios.pdf,cce9dc83262b9ceb8ff3106eaf3d358e236194d0c62724ce6938b27cfc3cba9c,cce9dc83262b9ceb8ff3106eaf3d358e236194d0c62724ce6938b27cfc3cba9c,exact_byte_copy
validation_tests/lha11b4_high_symmetry_ratios.png,codex_curated_bundle,validation_tests/lha11b4_high_symmetry_ratios.png,d56a92b45045d01fba101d50127539e449588c1a7ddc864166bdd890ffea2be6,d56a92b45045d01fba101d50127539e449588c1a7ddc864166bdd890ffea2be6,exact_byte_copy
validation_tests/lha11c_invalid_area_vs_probability.pdf,codex_curated_bundle,validation_tests/lha11c_invalid_area_vs_probability.pdf,8851e17d2236c5cc99caecb4f6999bf603b526e3ce2930b2f5b6924fbcde9764,8851e17d2236c5cc99caecb4f6999bf603b526e3ce2930b2f5b6924fbcde9764,exact_byte_copy
validation_tests/lha11c_invalid_area_vs_probability.png,codex_curated_bundle,validation_tests/lha11c_invalid_area_vs_probability.png,eaf9120aff1908a1caac1d091389470360a096d570fae5d35c9e6829d7add012,eaf9120aff1908a1caac1d091389470360a096d570fae5d35c9e6829d7add012,exact_byte_copy
validation_tests/lha11c_invalid_region_enrichment.pdf,codex_curated_bundle,validation_tests/lha11c_invalid_region_enrichment.pdf,dbb3e3d53a096192125d74a84c3f6bc294f844c307f97c90a6df5d75fbe367a5,dbb3e3d53a096192125d74a84c3f6bc294f844c307f97c90a6df5d75fbe367a5,exact_byte_copy
validation_tests/lha11c_invalid_region_enrichment.png,codex_curated_bundle,validation_tests/lha11c_invalid_region_enrichment.png,9d39242a5c2b3b6e3a6972f9963c686f3a66684e9a130173a58ca96cad5c5a85,9d39242a5c2b3b6e3a6972f9963c686f3a66684e9a130173a58ca96cad5c5a85,exact_byte_copy
validation_tests/lha11c_probability_weighted_caustic.csv,codex_curated_bundle,validation_tests/lha11c_probability_weighted_caustic.csv,264b7a854eecc0e884f7b881de3fa1dbb27b97f375a2f5beb2e93d06810c20a8,264b7a854eecc0e884f7b881de3fa1dbb27b97f375a2f5beb2e93d06810c20a8,exact_byte_copy
validation_tests/lha11c_probability_weighted_caustic.py,codex_curated_bundle,validation_tests/lha11c_probability_weighted_caustic.py,89ddd02f8eda7adf776fc449ca3ac5271d3feff60a234a156764718ea8d7b3d8,89ddd02f8eda7adf776fc449ca3ac5271d3feff60a234a156764718ea8d7b3d8,exact_byte_copy
validation_tests/lha11c_signature_resolved_invalid_probability.pdf,codex_curated_bundle,validation_tests/lha11c_signature_resolved_invalid_probability.pdf,27795ba3166b72bca17eab0d08bc7522a074c1766b6be43152c1a5aa5e790766,27795ba3166b72bca17eab0d08bc7522a074c1766b6be43152c1a5aa5e790766,exact_byte_copy
validation_tests/lha11c_signature_resolved_invalid_probability.png,codex_curated_bundle,validation_tests/lha11c_signature_resolved_invalid_probability.png,0660ad2c168c119bebcf98b0a5cf97af8a726f170562b616e9d456d0cc032082,0660ad2c168c119bebcf98b0a5cf97af8a726f170562b616e9d456d0cc032082,exact_byte_copy
validation_tests/lha12a0b_bloch_ensemble_converged.csv,codex_curated_bundle,validation_tests/lha12a0b_bloch_ensemble_converged.csv,e7a3bf010a03757d852204685ee9a2b11ddd02069d8582a56520be009965487f,e7a3bf010a03757d852204685ee9a2b11ddd02069d8582a56520be009965487f,exact_byte_copy
validation_tests/lha12a0b_bloch_ensemble_converged.py,codex_curated_bundle,validation_tests/lha12a0b_bloch_ensemble_converged.py,e12a33216f42fc0921442021d7382db1da0aae26f4a4c4872c950f147c96439d,e12a33216f42fc0921442021d7382db1da0aae26f4a4c4872c950f147c96439d,exact_byte_copy
validation_tests/lha12c0a_exact_P64_multibeta_converged.csv,codex_curated_bundle,validation_tests/lha12c0a_exact_P64_multibeta_converged.csv,935aab4df42f8e28b722630bf7ba91adda763f638a8f70070be6270105278c6c,935aab4df42f8e28b722630bf7ba91adda763f638a8f70070be6270105278c6c,exact_byte_copy
validation_tests/lha12c0a_exact_P64_multibeta_converged.npz,codex_curated_bundle,validation_tests/lha12c0a_exact_P64_multibeta_converged.npz,1d4193ca02d41eeb81443b1e143a88d76767ffd0c334a7d56dd785d0931edccc,1d4193ca02d41eeb81443b1e143a88d76767ffd0c334a7d56dd785d0931edccc,exact_byte_copy
validation_tests/lha12c0a_exact_P64_multibeta_converged.py,codex_curated_bundle,validation_tests/lha12c0a_exact_P64_multibeta_converged.py,fa7a95ea22892b1050386fdf4492ccfbf5295b23f3f01387aa9d946661fbb01c,fa7a95ea22892b1050386fdf4492ccfbf5295b23f3f01387aa9d946661fbb01c,exact_byte_copy
validation_tests/lha12c2a_harmonized_density_comparison.csv,codex_curated_bundle,validation_tests/lha12c2a_harmonized_density_comparison.csv,5dcfa318b3d8239f24aec52b2871600fe72eef0bea0f793564f09f84362d4fd0,5dcfa318b3d8239f24aec52b2871600fe72eef0bea0f793564f09f84362d4fd0,exact_byte_copy
validation_tests/lha12c2a_harmonized_density_comparison.py,codex_curated_bundle,validation_tests/lha12c2a_harmonized_density_comparison.py,afb3d6de047f3e235e7a3ad1a5b422864dcb5982fbc904f445ebcbe26aaba884,afb3d6de047f3e235e7a3ad1a5b422864dcb5982fbc904f445ebcbe26aaba884,exact_byte_copy
validation_tests/lha13a0_asymmetric_moire_geometry.npz,codex_curated_bundle,validation_tests/lha13a0_asymmetric_moire_geometry.npz,e9fb2ccb8ea596d04f9eb304826d7f88a355bd8b5293fb7e2062702c8e15e81f,e9fb2ccb8ea596d04f9eb304826d7f88a355bd8b5293fb7e2062702c8e15e81f,exact_byte_copy
validation_tests/lha13a0_asymmetric_moire_geometry.py,codex_curated_bundle,validation_tests/lha13a0_asymmetric_moire_geometry.py,6d60ad55d358e46aa6e5e546a61cec7eec55ccf1b96c9e45f9f4f3398a29d0c2,6d60ad55d358e46aa6e5e546a61cec7eec55ccf1b96c9e45f9f4f3398a29d0c2,exact_byte_copy
validation_tests/lha13a0_caustic_scan.csv,codex_curated_bundle,validation_tests/lha13a0_caustic_scan.csv,06f8b92f9fd2733080460243853283eae1d5119670faaab83b2da6379bc671b8,06f8b92f9fd2733080460243853283eae1d5119670faaab83b2da6379bc671b8,exact_byte_copy
validation_tests/lha13a0_stationary_points.csv,codex_curated_bundle,validation_tests/lha13a0_stationary_points.csv,2551665793f25045a6d78b99242457cd5210cef87633a2038e1c7b7fbae88015,2551665793f25045a6d78b99242457cd5210cef87633a2038e1c7b7fbae88015,exact_byte_copy
validation_tests/lha13a0_symmetry_audit.csv,codex_curated_bundle,validation_tests/lha13a0_symmetry_audit.csv,bff21bd06d94e954a6217cfdefbc7424da43cb9642013bc57e1a903c6258ab28,bff21bd06d94e954a6217cfdefbc7424da43cb9642013bc57e1a903c6258ab28,exact_byte_copy
validation_tests/lha13a1_exact_bz_reference.csv,codex_curated_bundle,validation_tests/lha13a1_exact_bz_reference.csv,fc9d47b7ca4c177ce4e629d240631a264091e5672729ef5cb7e9b55d0fade917,fc9d47b7ca4c177ce4e629d240631a264091e5672729ef5cb7e9b55d0fade917,exact_byte_copy
validation_tests/lha13a1_exact_bz_reference.npz,codex_curated_bundle,validation_tests/lha13a1_exact_bz_reference.npz,cbc7089dc794d3044954d10cadcd591ec5e47ab89304010ce94ed8d6c4244c8c,cbc7089dc794d3044954d10cadcd591ec5e47ab89304010ce94ed8d6c4244c8c,exact_byte_copy
validation_tests/lha13a1_exact_bz_reference.py,codex_curated_bundle,validation_tests/lha13a1_exact_bz_reference.py,2770051a5c7cf9263c5b257a1d8a6d9c55d1449b330460f8f6fe10d92d8c1d59,2770051a5c7cf9263c5b257a1d8a6d9c55d1449b330460f8f6fe10d92d8c1d59,exact_byte_copy
validation_tests/lha13a2_tensor_rlh_offstationary_caustic.csv,codex_curated_bundle,validation_tests/lha13a2_tensor_rlh_offstationary_caustic.csv,8cd39649408b479bd6f8271d1d1abd15ccd6f9a9f0d21b2a8f05f8e7cc23e658,8cd39649408b479bd6f8271d1d1abd15ccd6f9a9f0d21b2a8f05f8e7cc23e658,exact_byte_copy
validation_tests/lha13a2_tensor_rlh_offstationary_caustic.py,codex_curated_bundle,validation_tests/lha13a2_tensor_rlh_offstationary_caustic.py,2fcbdf333b8c0f61203d6e9f581ca8dca2508d9794ef17aaf4d04e7bbfb67bb8,2fcbdf333b8c0f61203d6e9f581ca8dca2508d9794ef17aaf4d04e7bbfb67bb8,exact_byte_copy
validation_tests/lha13a3_probability_weighted_offstationary_caustic.csv,codex_curated_bundle,validation_tests/lha13a3_probability_weighted_offstationary_caustic.csv,fe9b9a995d60e388f8b5e93ecc67d2c631eb9041e9e3dbabfed96b17915c4e5a,fe9b9a995d60e388f8b5e93ecc67d2c631eb9041e9e3dbabfed96b17915c4e5a,exact_byte_copy
validation_tests/lha13a3_probability_weighted_offstationary_caustic.py,codex_curated_bundle,validation_tests/lha13a3_probability_weighted_offstationary_caustic.py,7c30c88de56e4302cc5c0a6e09eff6825f1e5d65300da12d48e21a17d3cda5d2,7c30c88de56e4302cc5c0a6e09eff6825f1e5d65300da12d48e21a17d3cda5d2,exact_byte_copy
validation_tests/lha13a3b_caustic_grid_convergence.csv,codex_curated_bundle,validation_tests/lha13a3b_caustic_grid_convergence.csv,8e83f36f8c59ef305c03d4157ef5fe0adf1263488d7008612f0840e21a20ea83,8e83f36f8c59ef305c03d4157ef5fe0adf1263488d7008612f0840e21a20ea83,exact_byte_copy
validation_tests/lha13a3b_caustic_grid_convergence.npz,codex_curated_bundle,validation_tests/lha13a3b_caustic_grid_convergence.npz,10bca8c2d66461c53d57abb3ef43ec96beb94a99065210c3b8226fd13fbbece1,10bca8c2d66461c53d57abb3ef43ec96beb94a99065210c3b8226fd13fbbece1,exact_byte_copy
validation_tests/lha13a3b_caustic_grid_convergence.py,codex_curated_bundle,validation_tests/lha13a3b_caustic_grid_convergence.py,ead998317e76a05cdcb9df74406a40bb8fb3a701459893b682819e23b71adb9f,ead998317e76a05cdcb9df74406a40bb8fb3a701459893b682819e23b71adb9f,exact_byte_copy
validation_tests/lha13a3b_caustic_grid_convergence_summary.csv,codex_curated_bundle,validation_tests/lha13a3b_caustic_grid_convergence_summary.csv,22de7313a803ad448437c1441194276a324589dac887546eeaae0a03a5a89547,22de7313a803ad448437c1441194276a324589dac887546eeaae0a03a5a89547,exact_byte_copy
validation_tests/lha13b0_exact_primitive_finiteP.csv,codex_curated_bundle,validation_tests/lha13b0_exact_primitive_finiteP.csv,8441b52899b4343401c227659d24d6b64bfc875a5b9b9c64053120b46e43003e,8441b52899b4343401c227659d24d6b64bfc875a5b9b9c64053120b46e43003e,exact_byte_copy
validation_tests/lha13b0_exact_primitive_finiteP.py,codex_curated_bundle,validation_tests/lha13b0_exact_primitive_finiteP.py,447f2df17ecc378ba26753d67e4eca547500f0f69ee9a31abca7cfad27434523,447f2df17ecc378ba26753d67e4eca547500f0f69ee9a31abca7cfad27434523,exact_byte_copy
validation_tests/lha13b0_exact_primitive_finiteP_convergence.csv,codex_curated_bundle,validation_tests/lha13b0_exact_primitive_finiteP_convergence.csv,441f38f821c37782adeb2c519327e2096f298c71e3c4c554cd020d3e41ac4096,441f38f821c37782adeb2c519327e2096f298c71e3c4c554cd020d3e41ac4096,exact_byte_copy
validation_tests/lha13b2_multiseed_summary.csv,codex_curated_bundle,validation_tests/lha13b2_multiseed_summary.csv,8d4b1defc162ae963f5480dcc82b76c9a8f0bd4503fb6a85a469002244066ce2,8d4b1defc162ae963f5480dcc82b76c9a8f0bd4503fb6a85a469002244066ce2,exact_byte_copy
validation_tests/lha13b2_seed_130201.csv,codex_curated_bundle,validation_tests/lha13b2_seed_130201.csv,080e5f9ea948e4a8fee1bf07450d5690b79fa834e7d6193f3158cbd62b0199d4,080e5f9ea948e4a8fee1bf07450d5690b79fa834e7d6193f3158cbd62b0199d4,exact_byte_copy
validation_tests/lha13b2_seed_130202.csv,codex_curated_bundle,validation_tests/lha13b2_seed_130202.csv,0bb7a1954322fdb1042842d0a18d5a3b424e7fc4a2c15664e378883b1050b1f9,0bb7a1954322fdb1042842d0a18d5a3b424e7fc4a2c15664e378883b1050b1f9,exact_byte_copy
validation_tests/lha13b2_seed_130203.csv,codex_curated_bundle,validation_tests/lha13b2_seed_130203.csv,622f4db0a61d4238aae32071ed39900ad159f191b7155bae614cdf81a9ac5c6d,622f4db0a61d4238aae32071ed39900ad159f191b7155bae614cdf81a9ac5c6d,exact_byte_copy
validation_tests/lha13b2_seed_130204.csv,codex_curated_bundle,validation_tests/lha13b2_seed_130204.csv,a87bf7f35c6fb295fc6bc09506264820a1b07bc0ef86fcf57a90abbe75f51330,a87bf7f35c6fb295fc6bc09506264820a1b07bc0ef86fcf57a90abbe75f51330,exact_byte_copy
validation_tests/lha13b2_seed_130205.csv,codex_curated_bundle,validation_tests/lha13b2_seed_130205.csv,c59b5ed6305f990d2adb5280be842e2e824263e26643365baf95cc87f3c06c08,c59b5ed6305f990d2adb5280be842e2e824263e26643365baf95cc87f3c06c08,exact_byte_copy
validation_tests/lha13b2_seed_130206.csv,codex_curated_bundle,validation_tests/lha13b2_seed_130206.csv,3fa23dbc8386f1f6762486017da335e15b6823c9dfd31a0e1ac859ee69e85d47,3fa23dbc8386f1f6762486017da335e15b6823c9dfd31a0e1ac859ee69e85d47,exact_byte_copy
validation_tests/lha13b2_seed_130207.csv,codex_curated_bundle,validation_tests/lha13b2_seed_130207.csv,082f73012bb7d1c4a6e86d4699ce94e6b012db3aadd74821b08f4d4de5d80558,082f73012bb7d1c4a6e86d4699ce94e6b012db3aadd74821b08f4d4de5d80558,exact_byte_copy
validation_tests/lha13b2_seed_130208.csv,codex_curated_bundle,validation_tests/lha13b2_seed_130208.csv,6ba047585f85e84bb1956ec54693d751ece52bda26ccc418f67bd2dee2fa40cf,6ba047585f85e84bb1956ec54693d751ece52bda26ccc418f67bd2dee2fa40cf,exact_byte_copy
validation_tests/lha13b2_single_seed.py,codex_curated_bundle,validation_tests/lha13b2_single_seed.py,0cdd8e2e5c4c5a4762dff9a84a8e79ceac0bc9da581074e002243e4da92c07bd,0cdd8e2e5c4c5a4762dff9a84a8e79ceac0bc9da581074e002243e4da92c07bd,exact_byte_copy
validation_tests/lha13b3a_exact_finiteP_registered_density.npz,codex_curated_bundle,validation_tests/lha13b3a_exact_finiteP_registered_density.npz,e99ca0809174f269bdeb676133048090e2a42383c01c2ae0444db15adcd8a08b,e99ca0809174f269bdeb676133048090e2a42383c01c2ae0444db15adcd8a08b,exact_byte_copy
validation_tests/lha13b3a_exact_finiteP_registered_density.py,codex_curated_bundle,validation_tests/lha13b3a_exact_finiteP_registered_density.py,70146b1386ea1f9c66fb3093d87a3e48a4c41fd7f096b6aee3c60b4557451b69,70146b1386ea1f9c66fb3093d87a3e48a4c41fd7f096b6aee3c60b4557451b69,exact_byte_copy
validation_tests/lha13b3a_exact_finiteP_registered_density_summary.csv,codex_curated_bundle,validation_tests/lha13b3a_exact_finiteP_registered_density_summary.csv,186c80e41afa5e7079aa5d6547d670e6e7a33e60afe2f1a0898e42106fa4477f,186c80e41afa5e7079aa5d6547d670e6e7a33e60afe2f1a0898e42106fa4477f,exact_byte_copy
validation_tests/lha13b3b_multiseed_density.npz,codex_curated_bundle,validation_tests/lha13b3b_multiseed_density.npz,0f7ffcda831d87fe3f7758dd16ee8d7fa642cf41c61f5da1fb5eecc951ff2bf0,0f7ffcda831d87fe3f7758dd16ee8d7fa642cf41c61f5da1fb5eecc951ff2bf0,exact_byte_copy
validation_tests/lha13b3c_harmonized_density.npz,codex_curated_bundle,validation_tests/lha13b3c_harmonized_density.npz,1ea943f3d07a583cdcf8ddf5bce8415c5bbc5c25eca5ca6e26e3efbc3f859edc,1ea943f3d07a583cdcf8ddf5bce8415c5bbc5c25eca5ca6e26e3efbc3f859edc,exact_byte_copy
validation_tests/lha13b3c_harmonized_density_summary.csv,codex_curated_bundle,validation_tests/lha13b3c_harmonized_density_summary.csv,6467df55ad5636e27448584d5e6a77a0e5d3ee19ef49a6036d1ff63bfcbff6d2,6467df55ad5636e27448584d5e6a77a0e5d3ee19ef49a6036d1ff63bfcbff6d2,exact_byte_copy
validation_tests/lha13b3c_harmonized_rlh_pimc_exact_density.py,codex_curated_bundle,validation_tests/lha13b3c_harmonized_rlh_pimc_exact_density.py,1c1dad6b9b383f732d748c4ebb3b0eb2bd119273aac7a65827f58b54016e2f57,1c1dad6b9b383f732d748c4ebb3b0eb2bd119273aac7a65827f58b54016e2f57,exact_byte_copy
validation_tests/lha15a0_pair_stability_field.py,codex_curated_bundle,validation_tests/lha15a0_pair_stability_field.py,041be54f993acae50736fad7c3f35dc596ce1d9db7dbb348a1459bae093f1eb5,041be54f993acae50736fad7c3f35dc596ce1d9db7dbb348a1459bae093f1eb5,exact_byte_copy
validation_tests/lhap0a_publication_single_seed.py,codex_curated_bundle,validation_tests/lhap0a_publication_single_seed.py,4451de7d1aaf00c1ec684b1883e6ec24c88003fb4fb9f5581886bbd91561d703,4451de7d1aaf00c1ec684b1883e6ec24c88003fb4fb9f5581886bbd91561d703,exact_byte_copy
validation_tests/lhap0a_seed_131001.csv,codex_curated_bundle,validation_tests/lhap0a_seed_131001.csv,8ff388dcf3d5d4b1573b375e8b3d007917ee7e8889cba33326f5f806f593cc63,8ff388dcf3d5d4b1573b375e8b3d007917ee7e8889cba33326f5f806f593cc63,exact_byte_copy
validation_tests/lhap0a_seed_131002.csv,codex_curated_bundle,validation_tests/lhap0a_seed_131002.csv,0ad902fe5219e7ec51a14db5d1c0bdad310aa95ba978542b8bd23f8511df9c70,0ad902fe5219e7ec51a14db5d1c0bdad310aa95ba978542b8bd23f8511df9c70,exact_byte_copy
validation_tests/lhap0a_seed_131003.csv,codex_curated_bundle,validation_tests/lhap0a_seed_131003.csv,783328aa1ae1671b194306fb7ba53af9ae3789bd84d48aefe24418bbb75767c9,783328aa1ae1671b194306fb7ba53af9ae3789bd84d48aefe24418bbb75767c9,exact_byte_copy
validation_tests/lhap0a_seed_131004.csv,codex_curated_bundle,validation_tests/lhap0a_seed_131004.csv,8cc681668794b56db1397bab4924014df4c0fd0a29516650ac74c4fb9e5ec108,8cc681668794b56db1397bab4924014df4c0fd0a29516650ac74c4fb9e5ec108,exact_byte_copy
validation_tests/lhap0a_seed_131005.csv,codex_curated_bundle,validation_tests/lhap0a_seed_131005.csv,46b7b10d2def465d57460890722d0dd8f600097f1aa66bfd1c4af25e00185934,46b7b10d2def465d57460890722d0dd8f600097f1aa66bfd1c4af25e00185934,exact_byte_copy
validation_tests/lhap0a_seed_131006.csv,codex_curated_bundle,validation_tests/lhap0a_seed_131006.csv,b740a037edbd38b56667ce41243365916bfa8a5dcee073b24ba20f074748465d,b740a037edbd38b56667ce41243365916bfa8a5dcee073b24ba20f074748465d,exact_byte_copy
validation_tests/lhap0a_seed_131007.csv,codex_curated_bundle,validation_tests/lhap0a_seed_131007.csv,d09df71a8ba9e98f343d498a81605bc60508202f955d6ffdce66f480ac3e5e18,d09df71a8ba9e98f343d498a81605bc60508202f955d6ffdce66f480ac3e5e18,exact_byte_copy
validation_tests/lhap0a_seed_131008.csv,codex_curated_bundle,validation_tests/lhap0a_seed_131008.csv,c20b0f1a36c5d9d739e354cb497eebd7765775f7775f3a54c57f3f55d1c27f28,c20b0f1a36c5d9d739e354cb497eebd7765775f7775f3a54c57f3f55d1c27f28,exact_byte_copy
validation_tests/lhap0a_seed_131009.csv,codex_curated_bundle,validation_tests/lhap0a_seed_131009.csv,5d0432cc5defbf79afcbcebb3e55fde6915a1e3a1394f4aae5d7435ff6d4ed7e,5d0432cc5defbf79afcbcebb3e55fde6915a1e3a1394f4aae5d7435ff6d4ed7e,exact_byte_copy
validation_tests/lhap0a_seed_131010.csv,codex_curated_bundle,validation_tests/lhap0a_seed_131010.csv,1c165272408b1a15b1d20a4a322a27330f33862098b230ab16a22bc477607792,1c165272408b1a15b1d20a4a322a27330f33862098b230ab16a22bc477607792,exact_byte_copy
validation_tests/lhap0a_seed_131011.csv,codex_curated_bundle,validation_tests/lhap0a_seed_131011.csv,4546768418f113a139b76c20ea8be5f8a8b0a91bd1dac49a2c2577241776c9c6,4546768418f113a139b76c20ea8be5f8a8b0a91bd1dac49a2c2577241776c9c6,exact_byte_copy
validation_tests/lhap0a_seed_131012.csv,codex_curated_bundle,validation_tests/lhap0a_seed_131012.csv,145258c8fafe185c48eddc1e918adc4775396bd10c65eeda2cfbcbe49fac4480,145258c8fafe185c48eddc1e918adc4775396bd10c65eeda2cfbcbe49fac4480,exact_byte_copy
validation_tests/lhap0a_seed_131013.csv,codex_curated_bundle,validation_tests/lhap0a_seed_131013.csv,ceed889d5738bc54c60b4f3fdcf6ac09d5a5dd3017e4e3efd8ea1178272c4b34,ceed889d5738bc54c60b4f3fdcf6ac09d5a5dd3017e4e3efd8ea1178272c4b34,exact_byte_copy
validation_tests/lhap0a_seed_131014.csv,codex_curated_bundle,validation_tests/lhap0a_seed_131014.csv,9969ddd78e0a707fbadaa5ed35069d9adebca008445a5806aa2da4b2108f3a9b,9969ddd78e0a707fbadaa5ed35069d9adebca008445a5806aa2da4b2108f3a9b,exact_byte_copy
validation_tests/lhap0a_seed_131015.csv,codex_curated_bundle,validation_tests/lhap0a_seed_131015.csv,1259c3dd52b43d95d040524252bfe29e4ceec35ae0b0298f2e148d5cb681ffd7,1259c3dd52b43d95d040524252bfe29e4ceec35ae0b0298f2e148d5cb681ffd7,exact_byte_copy
validation_tests/lhap0a_seed_131016.csv,codex_curated_bundle,validation_tests/lhap0a_seed_131016.csv,6c10a31b2d2bfbe4ca350b432375ee2790dbc07949574cf6b5e5c2ab0dff21b0,6c10a31b2d2bfbe4ca350b432375ee2790dbc07949574cf6b5e5c2ab0dff21b0,exact_byte_copy
validation_tests/lhap0b_final_publication_statistics.csv,codex_curated_bundle,validation_tests/lhap0b_final_publication_statistics.csv,276446b362c4da711c8f354fa371bc159e32fe948521d90c7637b3b9c34546c9,276446b362c4da711c8f354fa371bc159e32fe948521d90c7637b3b9c34546c9,exact_byte_copy
validation_tests/lhap0b_final_publication_statistics.npz,codex_curated_bundle,validation_tests/lhap0b_final_publication_statistics.npz,3de4ee68722f182fea885e967ed7c44c354cc8c0cc95df799fe569204859139e,3de4ee68722f182fea885e967ed7c44c354cc8c0cc95df799fe569204859139e,exact_byte_copy
validation_tests/lhap0b_final_publication_statistics.py,codex_curated_bundle,validation_tests/lhap0b_final_publication_statistics.py,fd6110a9ddb501e795e20090b09e8039fe73e779f66742f61a2410fba9bd8213,fd6110a9ddb501e795e20090b09e8039fe73e779f66742f61a2410fba9bd8213,exact_byte_copy
validation_tests/p2c_make_figure2_before_caustic.py,codex_curated_bundle,validation_tests/p2c_make_figure2_before_caustic.py,7868a1b7b545b502124f83da7c2d1d4ed2df794bf95491df4e1bd36c6181057d,7868a1b7b545b502124f83da7c2d1d4ed2df794bf95491df4e1bd36c6181057d,exact_byte_copy
validation_tests/p2d_make_figure3_offstationary_caustic.py,codex_curated_bundle,validation_tests/p2d_make_figure3_offstationary_caustic.py,66ed38a6b6ad18223c06389f6347a7afbfa5e9e18179667ee87b354f16289db4,66ed38a6b6ad18223c06389f6347a7afbfa5e9e18179667ee87b354f16289db4,exact_byte_copy
validation_tests/p2e_make_figure4_exact_pimc_rlh.py,codex_curated_bundle,validation_tests/p2e_make_figure4_exact_pimc_rlh.py,77a8be2a6bd25d841f1052e1bdd048a7ffe44a2251aacc0a7bbb333a5e5cd518,77a8be2a6bd25d841f1052e1bdd048a7ffe44a2251aacc0a7bbb333a5e5cd518,exact_byte_copy
validation_tests/p2e_make_figure4_exact_pimc_rlh_v2.py,codex_curated_bundle,validation_tests/p2e_make_figure4_exact_pimc_rlh_v2.py,9fd5f79b0f2eb577d8a5eb28fb9bf393b242fda9ba8cd4b9b5cfd85d17980b2c,9fd5f79b0f2eb577d8a5eb28fb9bf393b242fda9ba8cd4b9b5cfd85d17980b2c,exact_byte_copy
validation_tests/p2e_make_figure4_final.py,codex_curated_bundle,validation_tests/p2e_make_figure4_final.py,1d5eec95b682cc6bb29802fc947650894c26500acd18d27bc5c75879a4d1fe8d,1d5eec95b682cc6bb29802fc947650894c26500acd18d27bc5c75879a4d1fe8d,exact_byte_copy
validation_tests/p2f_make_figure1_tensorial_theory_massweighted.py,codex_curated_bundle,validation_tests/p2f_make_figure1_tensorial_theory_massweighted.py,3bc6da491787fa6db2de2c623f0538568a6bbca4ea81d2d79a52163154275cff,3bc6da491787fa6db2de2c623f0538568a6bbca4ea81d2d79a52163154275cff,exact_byte_copy
validation_tests/p2f_make_figure5_interacting_caustic.py,codex_curated_bundle,validation_tests/p2f_make_figure5_interacting_caustic.py,4c47fdd869aa209b01cd2b0e584b4a0e922e5c17bd1405f71716eff7bbc5752d,4c47fdd869aa209b01cd2b0e584b4a0e922e5c17bd1405f71716eff7bbc5752d,exact_byte_copy
validation_tests/tb04a_blk_radial_curvature.csv,codex_curated_bundle,validation_tests/tb04a_blk_radial_curvature.csv,8e4a11021a1a75822dfcac2b234ae3d8d19c4574f8e28a1910a057035c96e2ca,8e4a11021a1a75822dfcac2b234ae3d8d19c4574f8e28a1910a057035c96e2ca,exact_byte_copy
validation_tests/tb04a_blk_radial_curvature.py,codex_curated_bundle,validation_tests/tb04a_blk_radial_curvature.py,66fac2bfac4ba90b78bf5fd0fa946cefa52e8c6a2e28963d188a3e8ef75a1c43,66fac2bfac4ba90b78bf5fd0fa946cefa52e8c6a2e28963d188a3e8ef75a1c43,exact_byte_copy
